"","season","schl","result","games"
"1",2010,"Akron","L",13
"2",2010,"Akron","W",23
"3",2010,"Ball State","L",13
"4",2010,"Ball State","W",19
"5",2010,"Belmont","L",5
"6",2010,"Belmont","W",30
"7",2010,"Bowling Green State","L",19
"8",2010,"Bowling Green State","W",14
"9",2010,"Bradley","L",20
"10",2010,"Bradley","W",12
"11",2010,"Buffalo","L",14
"12",2010,"Buffalo","W",20
"13",2010,"Butler","L",10
"14",2010,"Butler","W",28
"15",2010,"Central Michigan","L",21
"16",2010,"Central Michigan","W",10
"17",2010,"Chicago State","L",26
"18",2010,"Chicago State","W",6
"19",2010,"Cincinnati","L",9
"20",2010,"Cincinnati","W",26
"21",2010,"Cleveland State","L",9
"22",2010,"Cleveland State","W",27
"23",2010,"Creighton","L",16
"24",2010,"Creighton","W",23
"25",2010,"Denver","L",17
"26",2010,"Denver","W",13
"27",2010,"Detroit Mercy","L",16
"28",2010,"Detroit Mercy","W",17
"29",2010,"Drake","L",18
"30",2010,"Drake","W",13
"31",2010,"Eastern Michigan","L",22
"32",2010,"Eastern Michigan","W",9
"33",2010,"Evansville","L",16
"34",2010,"Evansville","W",16
"35",2010,"Green Bay","L",18
"36",2010,"Green Bay","W",14
"37",2010,"Illinois","L",14
"38",2010,"Illinois","W",20
"39",2010,"Illinois-Chicago","L",24
"40",2010,"Illinois-Chicago","W",7
"41",2010,"Illinois State","L",19
"42",2010,"Illinois State","W",12
"43",2010,"Indiana","L",20
"44",2010,"Indiana","W",12
"45",2010,"Indiana State","L",14
"46",2010,"Indiana State","W",20
"47",2010,"Iowa","L",20
"48",2010,"Iowa","W",11
"49",2010,"Iowa State","L",16
"50",2010,"Iowa State","W",16
"51",2010,"IUPUI","L",14
"52",2010,"IUPUI","W",19
"53",2010,"Kansas","L",3
"54",2010,"Kansas","W",35
"55",2010,"Kansas State","L",11
"56",2010,"Kansas State","W",23
"57",2010,"Kent State","L",12
"58",2010,"Kent State","W",25
"59",2010,"Loyola (IL)","L",15
"60",2010,"Loyola (IL)","W",16
"61",2010,"Memphis","L",10
"62",2010,"Memphis","W",25
"63",2010,"Miami (OH)","L",17
"64",2010,"Miami (OH)","W",16
"65",2010,"Michigan","L",14
"66",2010,"Michigan","W",21
"67",2010,"Michigan State","L",15
"68",2010,"Michigan State","W",19
"69",2010,"Milwaukee","L",14
"70",2010,"Milwaukee","W",19
"71",2010,"Minnesota","L",14
"72",2010,"Minnesota","W",17
"73",2010,"Missouri","L",11
"74",2010,"Missouri","W",23
"75",2010,"Missouri State","L",9
"76",2010,"Missouri State","W",26
"77",2010,"Murray State","L",9
"78",2010,"Murray State","W",23
"79",2010,"Nebraska","L",13
"80",2010,"Nebraska","W",19
"81",2010,"North Dakota","L",15
"82",2010,"North Dakota","W",19
"83",2010,"North Dakota State","L",15
"84",2010,"North Dakota State","W",14
"85",2010,"Northern Illinois","L",21
"86",2010,"Northern Illinois","W",9
"87",2010,"Northern Iowa","L",14
"88",2010,"Northern Iowa","W",20
"89",2010,"Northwestern","L",14
"90",2010,"Northwestern","W",20
"91",2010,"Notre Dame","L",7
"92",2010,"Notre Dame","W",27
"93",2010,"Ohio","L",16
"94",2010,"Ohio","W",19
"95",2010,"Ohio State","L",3
"96",2010,"Ohio State","W",34
"97",2010,"Oklahoma","L",18
"98",2010,"Oklahoma","W",14
"99",2010,"Oklahoma State","L",14
"100",2010,"Oklahoma State","W",20
"101",2010,"Oral Roberts","L",16
"102",2010,"Oral Roberts","W",19
"103",2010,"Pittsburgh","L",6
"104",2010,"Pittsburgh","W",28
"105",2010,"Purdue","L",8
"106",2010,"Purdue","W",26
"107",2010,"Robert Morris","L",14
"108",2010,"Robert Morris","W",18
"109",2010,"South Dakota","L",15
"110",2010,"South Dakota","W",18
"111",2010,"South Dakota State","L",12
"112",2010,"South Dakota State","W",19
"113",2010,"Southern Illinois","L",19
"114",2010,"Southern Illinois","W",13
"115",2010,"Toledo","L",28
"116",2010,"Toledo","W",4
"117",2010,"Tulsa","L",13
"118",2010,"Tulsa","W",19
"119",2010,"Valparaiso","L",12
"120",2010,"Valparaiso","W",23
"121",2010,"Western Michigan","L",13
"122",2010,"Western Michigan","W",21
"123",2010,"Wichita State","L",8
"124",2010,"Wichita State","W",29
"125",2010,"Wisconsin","L",9
"126",2010,"Wisconsin","W",25
"127",2010,"Wright State","L",14
"128",2010,"Wright State","W",19
"129",2010,"Youngstown State","L",21
"130",2010,"Youngstown State","W",9
"131",2011,"Akron","L",12
"132",2011,"Akron","W",22
"133",2011,"Ball State","L",15
"134",2011,"Ball State","W",15
"135",2011,"Belmont","L",8
"136",2011,"Belmont","W",27
"137",2011,"Bowling Green State","L",16
"138",2011,"Bowling Green State","W",16
"139",2011,"Bradley","L",25
"140",2011,"Bradley","W",7
"141",2011,"Buffalo","L",11
"142",2011,"Buffalo","W",20
"143",2011,"Butler","L",15
"144",2011,"Butler","W",22
"145",2011,"Central Michigan","L",21
"146",2011,"Central Michigan","W",11
"147",2011,"Chicago State","L",26
"148",2011,"Chicago State","W",4
"149",2011,"Cincinnati","L",11
"150",2011,"Cincinnati","W",26
"151",2011,"Cleveland State","L",11
"152",2011,"Cleveland State","W",22
"153",2011,"Creighton","L",6
"154",2011,"Creighton","W",29
"155",2011,"Denver","L",9
"156",2011,"Denver","W",22
"157",2011,"Detroit Mercy","L",14
"158",2011,"Detroit Mercy","W",22
"159",2011,"Drake","L",16
"160",2011,"Drake","W",18
"161",2011,"Eastern Michigan","L",18
"162",2011,"Eastern Michigan","W",14
"163",2011,"Evansville","L",16
"164",2011,"Evansville","W",16
"165",2011,"Green Bay","L",15
"166",2011,"Green Bay","W",15
"167",2011,"Illinois","L",15
"168",2011,"Illinois","W",17
"169",2011,"Illinois-Chicago","L",22
"170",2011,"Illinois-Chicago","W",8
"171",2011,"Illinois State","L",14
"172",2011,"Illinois State","W",21
"173",2011,"Indiana","L",9
"174",2011,"Indiana","W",27
"175",2011,"Indiana State","L",15
"176",2011,"Indiana State","W",18
"177",2011,"Iowa","L",17
"178",2011,"Iowa","W",18
"179",2011,"Iowa State","L",11
"180",2011,"Iowa State","W",23
"181",2011,"IUPUI","L",18
"182",2011,"IUPUI","W",14
"183",2011,"Kansas","L",7
"184",2011,"Kansas","W",32
"185",2011,"Kansas State","L",11
"186",2011,"Kansas State","W",22
"187",2011,"Kent State","L",12
"188",2011,"Kent State","W",21
"189",2011,"Loyola (IL)","L",23
"190",2011,"Loyola (IL)","W",7
"191",2011,"Memphis","L",9
"192",2011,"Memphis","W",26
"193",2011,"Miami (OH)","L",21
"194",2011,"Miami (OH)","W",9
"195",2011,"Michigan","L",10
"196",2011,"Michigan","W",24
"197",2011,"Michigan State","L",8
"198",2011,"Michigan State","W",29
"199",2011,"Milwaukee","L",14
"200",2011,"Milwaukee","W",20
"201",2011,"Minnesota","L",15
"202",2011,"Minnesota","W",23
"203",2011,"Missouri","L",5
"204",2011,"Missouri","W",30
"205",2011,"Missouri State","L",16
"206",2011,"Missouri State","W",16
"207",2011,"Murray State","L",2
"208",2011,"Murray State","W",31
"209",2011,"Nebraska","L",18
"210",2011,"Nebraska","W",12
"211",2011,"North Dakota","L",15
"212",2011,"North Dakota","W",17
"213",2011,"North Dakota State","L",14
"214",2011,"North Dakota State","W",17
"215",2011,"Northern Illinois","L",26
"216",2011,"Northern Illinois","W",5
"217",2011,"Northern Iowa","L",14
"218",2011,"Northern Iowa","W",20
"219",2011,"Northwestern","L",14
"220",2011,"Northwestern","W",19
"221",2011,"Notre Dame","L",12
"222",2011,"Notre Dame","W",22
"223",2011,"Ohio","L",8
"224",2011,"Ohio","W",29
"225",2011,"Ohio State","L",8
"226",2011,"Ohio State","W",31
"227",2011,"Oklahoma","L",16
"228",2011,"Oklahoma","W",15
"229",2011,"Oklahoma State","L",18
"230",2011,"Oklahoma State","W",15
"231",2011,"Oral Roberts","L",7
"232",2011,"Oral Roberts","W",27
"233",2011,"Pittsburgh","L",17
"234",2011,"Pittsburgh","W",22
"235",2011,"Purdue","L",13
"236",2011,"Purdue","W",22
"237",2011,"Robert Morris","L",11
"238",2011,"Robert Morris","W",26
"239",2011,"South Dakota","L",18
"240",2011,"South Dakota","W",10
"241",2011,"South Dakota State","L",8
"242",2011,"South Dakota State","W",27
"243",2011,"Southern Illinois","L",23
"244",2011,"Southern Illinois","W",8
"245",2011,"Toledo","L",17
"246",2011,"Toledo","W",19
"247",2011,"Tulsa","L",14
"248",2011,"Tulsa","W",17
"249",2011,"Valparaiso","L",12
"250",2011,"Valparaiso","W",22
"251",2011,"Western Michigan","L",20
"252",2011,"Western Michigan","W",14
"253",2011,"Wichita State","L",6
"254",2011,"Wichita State","W",27
"255",2011,"Wisconsin","L",10
"256",2011,"Wisconsin","W",26
"257",2011,"Wright State","L",19
"258",2011,"Wright State","W",13
"259",2011,"Youngstown State","L",15
"260",2011,"Youngstown State","W",16
"261",2012,"Akron","L",7
"262",2012,"Akron","W",26
"263",2012,"Ball State","L",15
"264",2012,"Ball State","W",15
"265",2012,"Belmont","L",7
"266",2012,"Belmont","W",26
"267",2012,"Bowling Green State","L",19
"268",2012,"Bowling Green State","W",13
"269",2012,"Bradley","L",17
"270",2012,"Bradley","W",18
"271",2012,"Buffalo","L",20
"272",2012,"Buffalo","W",14
"273",2012,"Butler","L",9
"274",2012,"Butler","W",27
"275",2012,"Central Michigan","L",20
"276",2012,"Central Michigan","W",11
"277",2012,"Chicago State","L",22
"278",2012,"Chicago State","W",11
"279",2012,"Cincinnati","L",12
"280",2012,"Cincinnati","W",22
"281",2012,"Cleveland State","L",18
"282",2012,"Cleveland State","W",14
"283",2012,"Creighton","L",8
"284",2012,"Creighton","W",28
"285",2012,"Denver","L",10
"286",2012,"Denver","W",22
"287",2012,"Detroit Mercy","L",13
"288",2012,"Detroit Mercy","W",20
"289",2012,"Drake","L",17
"290",2012,"Drake","W",15
"291",2012,"Eastern Michigan","L",18
"292",2012,"Eastern Michigan","W",16
"293",2012,"Evansville","L",15
"294",2012,"Evansville","W",21
"295",2012,"Green Bay","L",16
"296",2012,"Green Bay","W",18
"297",2012,"Illinois","L",13
"298",2012,"Illinois","W",23
"299",2012,"Illinois-Chicago","L",16
"300",2012,"Illinois-Chicago","W",18
"301",2012,"Illinois State","L",15
"302",2012,"Illinois State","W",18
"303",2012,"Indiana","L",7
"304",2012,"Indiana","W",29
"305",2012,"Indiana State","L",15
"306",2012,"Indiana State","W",18
"307",2012,"Iowa","L",13
"308",2012,"Iowa","W",25
"309",2012,"Iowa State","L",12
"310",2012,"Iowa State","W",23
"311",2012,"IUPUI","L",26
"312",2012,"IUPUI","W",6
"313",2012,"Kansas","L",6
"314",2012,"Kansas","W",31
"315",2012,"Kansas State","L",8
"316",2012,"Kansas State","W",27
"317",2012,"Kent State","L",14
"318",2012,"Kent State","W",21
"319",2012,"Loyola (IL)","L",16
"320",2012,"Loyola (IL)","W",15
"321",2012,"Memphis","L",5
"322",2012,"Memphis","W",31
"323",2012,"Miami (OH)","L",22
"324",2012,"Miami (OH)","W",9
"325",2012,"Michigan","L",8
"326",2012,"Michigan","W",31
"327",2012,"Michigan State","L",9
"328",2012,"Michigan State","W",27
"329",2012,"Milwaukee","L",24
"330",2012,"Milwaukee","W",8
"331",2012,"Minnesota","L",13
"332",2012,"Minnesota","W",21
"333",2012,"Missouri","L",11
"334",2012,"Missouri","W",23
"335",2012,"Missouri State","L",22
"336",2012,"Missouri State","W",11
"337",2012,"Murray State","L",10
"338",2012,"Murray State","W",21
"339",2012,"Nebraska","L",18
"340",2012,"Nebraska","W",15
"341",2012,"North Dakota","L",17
"342",2012,"North Dakota","W",16
"343",2012,"North Dakota State","L",10
"344",2012,"North Dakota State","W",24
"345",2012,"Northern Illinois","L",25
"346",2012,"Northern Illinois","W",5
"347",2012,"Northern Iowa","L",15
"348",2012,"Northern Iowa","W",21
"349",2012,"Northern Kentucky","L",16
"350",2012,"Northern Kentucky","W",11
"351",2012,"Northwestern","L",19
"352",2012,"Northwestern","W",13
"353",2012,"Notre Dame","L",10
"354",2012,"Notre Dame","W",25
"355",2012,"Ohio","L",10
"356",2012,"Ohio","W",24
"357",2012,"Ohio State","L",8
"358",2012,"Ohio State","W",29
"359",2012,"Oklahoma","L",12
"360",2012,"Oklahoma","W",20
"361",2012,"Oklahoma State","L",9
"362",2012,"Oklahoma State","W",24
"363",2012,"Oral Roberts","L",15
"364",2012,"Oral Roberts","W",20
"365",2012,"Pittsburgh","L",9
"366",2012,"Pittsburgh","W",24
"367",2012,"Purdue","L",18
"368",2012,"Purdue","W",16
"369",2012,"Robert Morris","L",11
"370",2012,"Robert Morris","W",24
"371",2012,"South Dakota","L",20
"372",2012,"South Dakota","W",10
"373",2012,"South Dakota State","L",10
"374",2012,"South Dakota State","W",25
"375",2012,"Southern Illinois","L",17
"376",2012,"Southern Illinois","W",14
"377",2012,"Toledo","L",13
"378",2012,"Toledo","W",15
"379",2012,"Tulsa","L",16
"380",2012,"Tulsa","W",17
"381",2012,"Valparaiso","L",8
"382",2012,"Valparaiso","W",26
"383",2012,"Western Michigan","L",13
"384",2012,"Western Michigan","W",22
"385",2012,"Wichita State","L",9
"386",2012,"Wichita State","W",30
"387",2012,"Wisconsin","L",12
"388",2012,"Wisconsin","W",23
"389",2012,"Wright State","L",13
"390",2012,"Wright State","W",23
"391",2012,"Youngstown State","L",16
"392",2012,"Youngstown State","W",18
"393",2013,"Akron","L",13
"394",2013,"Akron","W",21
"395",2013,"Ball State","L",25
"396",2013,"Ball State","W",5
"397",2013,"Belmont","L",10
"398",2013,"Belmont","W",26
"399",2013,"Bowling Green State","L",20
"400",2013,"Bowling Green State","W",12
"401",2013,"Bradley","L",20
"402",2013,"Bradley","W",12
"403",2013,"Buffalo","L",10
"404",2013,"Buffalo","W",19
"405",2013,"Butler","L",17
"406",2013,"Butler","W",14
"407",2013,"Central Michigan","L",21
"408",2013,"Central Michigan","W",10
"409",2013,"Chicago State","L",19
"410",2013,"Chicago State","W",13
"411",2013,"Cincinnati","L",7
"412",2013,"Cincinnati","W",27
"413",2013,"Cleveland State","L",12
"414",2013,"Cleveland State","W",21
"415",2013,"Creighton","L",8
"416",2013,"Creighton","W",27
"417",2013,"Denver","L",15
"418",2013,"Denver","W",16
"419",2013,"Detroit Mercy","L",19
"420",2013,"Detroit Mercy","W",13
"421",2013,"Drake","L",16
"422",2013,"Drake","W",15
"423",2013,"Eastern Michigan","L",15
"424",2013,"Eastern Michigan","W",22
"425",2013,"Evansville","L",19
"426",2013,"Evansville","W",14
"427",2013,"Green Bay","L",7
"428",2013,"Green Bay","W",24
"429",2013,"Illinois","L",15
"430",2013,"Illinois","W",20
"431",2013,"Illinois-Chicago","L",25
"432",2013,"Illinois-Chicago","W",6
"433",2013,"Illinois State","L",16
"434",2013,"Illinois State","W",18
"435",2013,"Indiana","L",15
"436",2013,"Indiana","W",17
"437",2013,"Indiana State","L",11
"438",2013,"Indiana State","W",23
"439",2013,"Iowa","L",13
"440",2013,"Iowa","W",20
"441",2013,"Iowa State","L",8
"442",2013,"Iowa State","W",28
"443",2013,"IUPUI","L",26
"444",2013,"IUPUI","W",6
"445",2013,"Kansas","L",10
"446",2013,"Kansas","W",25
"447",2013,"Kansas State","L",13
"448",2013,"Kansas State","W",20
"449",2013,"Kent State","L",16
"450",2013,"Kent State","W",16
"451",2013,"Loyola (IL)","L",22
"452",2013,"Loyola (IL)","W",10
"453",2013,"Memphis","L",10
"454",2013,"Memphis","W",24
"455",2013,"Miami (OH)","L",18
"456",2013,"Miami (OH)","W",13
"457",2013,"Michigan","L",9
"458",2013,"Michigan","W",28
"459",2013,"Michigan State","L",9
"460",2013,"Michigan State","W",29
"461",2013,"Milwaukee","L",14
"462",2013,"Milwaukee","W",21
"463",2013,"Minnesota","L",13
"464",2013,"Minnesota","W",25
"465",2013,"Missouri","L",12
"466",2013,"Missouri","W",23
"467",2013,"Missouri State","L",13
"468",2013,"Missouri State","W",20
"469",2013,"Murray State","L",11
"470",2013,"Murray State","W",23
"471",2013,"Nebraska","L",13
"472",2013,"Nebraska","W",19
"473",2013,"North Dakota","L",17
"474",2013,"North Dakota","W",17
"475",2013,"North Dakota State","L",7
"476",2013,"North Dakota State","W",26
"477",2013,"Northern Illinois","L",17
"478",2013,"Northern Illinois","W",15
"479",2013,"Northern Iowa","L",15
"480",2013,"Northern Iowa","W",16
"481",2013,"Northern Kentucky","L",21
"482",2013,"Northern Kentucky","W",9
"483",2013,"Northwestern","L",19
"484",2013,"Northwestern","W",14
"485",2013,"Notre Dame","L",17
"486",2013,"Notre Dame","W",15
"487",2013,"Ohio","L",12
"488",2013,"Ohio","W",25
"489",2013,"Ohio State","L",10
"490",2013,"Ohio State","W",25
"491",2013,"Oklahoma","L",10
"492",2013,"Oklahoma","W",23
"493",2013,"Oklahoma State","L",13
"494",2013,"Oklahoma State","W",21
"495",2013,"Oral Roberts","L",16
"496",2013,"Oral Roberts","W",17
"497",2013,"Pittsburgh","L",10
"498",2013,"Pittsburgh","W",26
"499",2013,"Purdue","L",17
"500",2013,"Purdue","W",15
"501",2013,"Robert Morris","L",14
"502",2013,"Robert Morris","W",22
"503",2013,"South Dakota","L",18
"504",2013,"South Dakota","W",12
"505",2013,"South Dakota State","L",13
"506",2013,"South Dakota State","W",19
"507",2013,"Southern Illinois","L",19
"508",2013,"Southern Illinois","W",14
"509",2013,"Toledo","L",7
"510",2013,"Toledo","W",27
"511",2013,"Tulsa","L",13
"512",2013,"Tulsa","W",21
"513",2013,"Valparaiso","L",16
"514",2013,"Valparaiso","W",18
"515",2013,"Western Michigan","L",10
"516",2013,"Western Michigan","W",23
"517",2013,"Wichita State","L",1
"518",2013,"Wichita State","W",35
"519",2013,"Wisconsin","L",8
"520",2013,"Wisconsin","W",30
"521",2013,"Wright State","L",15
"522",2013,"Wright State","W",21
"523",2013,"Youngstown State","L",17
"524",2013,"Youngstown State","W",15
"525",2014,"Akron","L",14
"526",2014,"Akron","W",21
"527",2014,"Ball State","L",23
"528",2014,"Ball State","W",7
"529",2014,"Belmont","L",11
"530",2014,"Belmont","W",22
"531",2014,"Bowling Green State","L",12
"532",2014,"Bowling Green State","W",21
"533",2014,"Bradley","L",24
"534",2014,"Bradley","W",9
"535",2014,"Buffalo","L",10
"536",2014,"Buffalo","W",23
"537",2014,"Butler","L",11
"538",2014,"Butler","W",23
"539",2014,"Central Michigan","L",9
"540",2014,"Central Michigan","W",23
"541",2014,"Chicago State","L",24
"542",2014,"Chicago State","W",8
"543",2014,"Cincinnati","L",11
"544",2014,"Cincinnati","W",23
"545",2014,"Cleveland State","L",15
"546",2014,"Cleveland State","W",19
"547",2014,"Creighton","L",19
"548",2014,"Creighton","W",14
"549",2014,"Denver","L",18
"550",2014,"Denver","W",12
"551",2014,"Detroit Mercy","L",18
"552",2014,"Detroit Mercy","W",15
"553",2014,"Drake","L",22
"554",2014,"Drake","W",9
"555",2014,"Eastern Michigan","L",14
"556",2014,"Eastern Michigan","W",21
"557",2014,"Evansville","L",12
"558",2014,"Evansville","W",24
"559",2014,"Green Bay","L",9
"560",2014,"Green Bay","W",24
"561",2014,"Illinois","L",14
"562",2014,"Illinois","W",19
"563",2014,"Illinois-Chicago","L",24
"564",2014,"Illinois-Chicago","W",10
"565",2014,"Illinois State","L",13
"566",2014,"Illinois State","W",22
"567",2014,"Indiana","L",14
"568",2014,"Indiana","W",20
"569",2014,"Indiana State","L",16
"570",2014,"Indiana State","W",15
"571",2014,"Iowa","L",12
"572",2014,"Iowa","W",22
"573",2014,"Iowa State","L",9
"574",2014,"Iowa State","W",25
"575",2014,"IUPUI","L",21
"576",2014,"IUPUI","W",10
"577",2014,"Kansas","L",9
"578",2014,"Kansas","W",27
"579",2014,"Kansas State","L",17
"580",2014,"Kansas State","W",15
"581",2014,"Kent State","L",12
"582",2014,"Kent State","W",23
"583",2014,"Loyola (IL)","L",13
"584",2014,"Loyola (IL)","W",24
"585",2014,"Memphis","L",14
"586",2014,"Memphis","W",18
"587",2014,"Miami (OH)","L",19
"588",2014,"Miami (OH)","W",13
"589",2014,"Michigan","L",16
"590",2014,"Michigan","W",16
"591",2014,"Michigan State","L",12
"592",2014,"Michigan State","W",27
"593",2014,"Milwaukee","L",16
"594",2014,"Milwaukee","W",14
"595",2014,"Minnesota","L",15
"596",2014,"Minnesota","W",18
"597",2014,"Missouri","L",23
"598",2014,"Missouri","W",9
"599",2014,"Missouri State","L",20
"600",2014,"Missouri State","W",11
"601",2014,"Murray State","L",6
"602",2014,"Murray State","W",29
"603",2014,"Nebraska","L",18
"604",2014,"Nebraska","W",13
"605",2014,"North Dakota","L",22
"606",2014,"North Dakota","W",8
"607",2014,"North Dakota State","L",10
"608",2014,"North Dakota State","W",23
"609",2014,"Northern Illinois","L",16
"610",2014,"Northern Illinois","W",14
"611",2014,"Northern Iowa","L",4
"612",2014,"Northern Iowa","W",31
"613",2014,"Northern Kentucky","L",17
"614",2014,"Northern Kentucky","W",13
"615",2014,"Northwestern","L",17
"616",2014,"Northwestern","W",15
"617",2014,"Notre Dame","L",6
"618",2014,"Notre Dame","W",32
"619",2014,"Ohio","L",20
"620",2014,"Ohio","W",10
"621",2014,"Ohio State","L",11
"622",2014,"Ohio State","W",24
"623",2014,"Oklahoma","L",11
"624",2014,"Oklahoma","W",24
"625",2014,"Oklahoma State","L",14
"626",2014,"Oklahoma State","W",18
"627",2014,"Oral Roberts","L",15
"628",2014,"Oral Roberts","W",19
"629",2014,"Pittsburgh","L",15
"630",2014,"Pittsburgh","W",19
"631",2014,"Purdue","L",13
"632",2014,"Purdue","W",21
"633",2014,"Robert Morris","L",15
"634",2014,"Robert Morris","W",20
"635",2014,"South Dakota","L",16
"636",2014,"South Dakota","W",17
"637",2014,"South Dakota State","L",11
"638",2014,"South Dakota State","W",24
"639",2014,"Southern Illinois","L",21
"640",2014,"Southern Illinois","W",12
"641",2014,"Toledo","L",13
"642",2014,"Toledo","W",20
"643",2014,"Tulsa","L",11
"644",2014,"Tulsa","W",23
"645",2014,"Valparaiso","L",6
"646",2014,"Valparaiso","W",28
"647",2014,"Western Michigan","L",14
"648",2014,"Western Michigan","W",20
"649",2014,"Wichita State","L",5
"650",2014,"Wichita State","W",30
"651",2014,"Wisconsin","L",4
"652",2014,"Wisconsin","W",36
"653",2014,"Wright State","L",20
"654",2014,"Wright State","W",11
"655",2014,"Youngstown State","L",21
"656",2014,"Youngstown State","W",11
"657",2015,"Akron","L",9
"658",2015,"Akron","W",26
"659",2015,"Ball State","L",14
"660",2015,"Ball State","W",21
"661",2015,"Belmont","L",12
"662",2015,"Belmont","W",20
"663",2015,"Bowling Green State","L",18
"664",2015,"Bowling Green State","W",16
"665",2015,"Bradley","L",27
"666",2015,"Bradley","W",5
"667",2015,"Buffalo","L",15
"668",2015,"Buffalo","W",20
"669",2015,"Butler","L",11
"670",2015,"Butler","W",22
"671",2015,"Central Michigan","L",16
"672",2015,"Central Michigan","W",17
"673",2015,"Chicago State","L",28
"674",2015,"Chicago State","W",4
"675",2015,"Cincinnati","L",11
"676",2015,"Cincinnati","W",22
"677",2015,"Cleveland State","L",23
"678",2015,"Cleveland State","W",9
"679",2015,"Creighton","L",15
"680",2015,"Creighton","W",20
"681",2015,"Denver","L",15
"682",2015,"Denver","W",16
"683",2015,"Detroit Mercy","L",15
"684",2015,"Detroit Mercy","W",16
"685",2015,"Drake","L",24
"686",2015,"Drake","W",7
"687",2015,"Eastern Michigan","L",15
"688",2015,"Eastern Michigan","W",18
"689",2015,"Evansville","L",9
"690",2015,"Evansville","W",25
"691",2015,"Green Bay","L",13
"692",2015,"Green Bay","W",23
"693",2015,"Illinois","L",19
"694",2015,"Illinois","W",15
"695",2015,"Illinois-Chicago","L",25
"696",2015,"Illinois-Chicago","W",5
"697",2015,"Illinois State","L",14
"698",2015,"Illinois State","W",18
"699",2015,"Indiana","L",8
"700",2015,"Indiana","W",27
"701",2015,"Indiana State","L",17
"702",2015,"Indiana State","W",15
"703",2015,"Iowa","L",11
"704",2015,"Iowa","W",22
"705",2015,"Iowa State","L",12
"706",2015,"Iowa State","W",23
"707",2015,"IUPUI","L",19
"708",2015,"IUPUI","W",13
"709",2015,"Kansas","L",5
"710",2015,"Kansas","W",33
"711",2015,"Kansas State","L",16
"712",2015,"Kansas State","W",17
"713",2015,"Kent State","L",13
"714",2015,"Kent State","W",19
"715",2015,"Loyola (IL)","L",17
"716",2015,"Loyola (IL)","W",15
"717",2015,"Memphis","L",15
"718",2015,"Memphis","W",19
"719",2015,"Miami (OH)","L",20
"720",2015,"Miami (OH)","W",13
"721",2015,"Michigan","L",13
"722",2015,"Michigan","W",23
"723",2015,"Michigan State","L",6
"724",2015,"Michigan State","W",29
"725",2015,"Milwaukee","L",13
"726",2015,"Milwaukee","W",20
"727",2015,"Minnesota","L",23
"728",2015,"Minnesota","W",8
"729",2015,"Missouri","L",21
"730",2015,"Missouri","W",10
"731",2015,"Missouri State","L",19
"732",2015,"Missouri State","W",13
"733",2015,"Murray State","L",14
"734",2015,"Murray State","W",17
"735",2015,"Nebraska","L",18
"736",2015,"Nebraska","W",16
"737",2015,"North Dakota","L",16
"738",2015,"North Dakota","W",17
"739",2015,"North Dakota State","L",13
"740",2015,"North Dakota State","W",20
"741",2015,"Northern Illinois","L",13
"742",2015,"Northern Illinois","W",21
"743",2015,"Northern Iowa","L",13
"744",2015,"Northern Iowa","W",23
"745",2015,"Northern Kentucky","L",21
"746",2015,"Northern Kentucky","W",9
"747",2015,"Northwestern","L",12
"748",2015,"Northwestern","W",20
"749",2015,"Notre Dame","L",12
"750",2015,"Notre Dame","W",24
"751",2015,"Ohio","L",12
"752",2015,"Ohio","W",23
"753",2015,"Ohio State","L",14
"754",2015,"Ohio State","W",21
"755",2015,"Oklahoma","L",8
"756",2015,"Oklahoma","W",29
"757",2015,"Oklahoma State","L",20
"758",2015,"Oklahoma State","W",12
"759",2015,"Oral Roberts","L",17
"760",2015,"Oral Roberts","W",14
"761",2015,"Pittsburgh","L",12
"762",2015,"Pittsburgh","W",21
"763",2015,"Purdue","L",9
"764",2015,"Purdue","W",26
"765",2015,"Robert Morris","L",22
"766",2015,"Robert Morris","W",10
"767",2015,"South Dakota","L",18
"768",2015,"South Dakota","W",14
"769",2015,"South Dakota State","L",8
"770",2015,"South Dakota State","W",26
"771",2015,"Southern Illinois","L",10
"772",2015,"Southern Illinois","W",22
"773",2015,"Toledo","L",15
"774",2015,"Toledo","W",17
"775",2015,"Tulsa","L",12
"776",2015,"Tulsa","W",20
"777",2015,"Valparaiso","L",7
"778",2015,"Valparaiso","W",30
"779",2015,"Western Michigan","L",19
"780",2015,"Western Michigan","W",13
"781",2015,"Wichita State","L",9
"782",2015,"Wichita State","W",26
"783",2015,"Wisconsin","L",13
"784",2015,"Wisconsin","W",22
"785",2015,"Wright State","L",13
"786",2015,"Wright State","W",22
"787",2015,"Youngstown State","L",21
"788",2015,"Youngstown State","W",11
"789",2016,"Akron","L",9
"790",2016,"Akron","W",27
"791",2016,"Ball State","L",13
"792",2016,"Ball State","W",21
"793",2016,"Belmont","L",7
"794",2016,"Belmont","W",23
"795",2016,"Bowling Green State","L",19
"796",2016,"Bowling Green State","W",13
"797",2016,"Bradley","L",20
"798",2016,"Bradley","W",13
"799",2016,"Buffalo","L",15
"800",2016,"Buffalo","W",17
"801",2016,"Butler","L",9
"802",2016,"Butler","W",25
"803",2016,"Central Michigan","L",16
"804",2016,"Central Michigan","W",16
"805",2016,"Chicago State","L",26
"806",2016,"Chicago State","W",6
"807",2016,"Cincinnati","L",6
"808",2016,"Cincinnati","W",30
"809",2016,"Cleveland State","L",22
"810",2016,"Cleveland State","W",9
"811",2016,"Creighton","L",10
"812",2016,"Creighton","W",25
"813",2016,"Denver","L",14
"814",2016,"Denver","W",16
"815",2016,"Detroit Mercy","L",23
"816",2016,"Detroit Mercy","W",8
"817",2016,"Drake","L",24
"818",2016,"Drake","W",7
"819",2016,"Eastern Michigan","L",17
"820",2016,"Eastern Michigan","W",16
"821",2016,"Evansville","L",17
"822",2016,"Evansville","W",16
"823",2016,"Green Bay","L",14
"824",2016,"Green Bay","W",18
"825",2016,"Illinois","L",15
"826",2016,"Illinois","W",20
"827",2016,"Illinois-Chicago","L",19
"828",2016,"Illinois-Chicago","W",17
"829",2016,"Illinois State","L",7
"830",2016,"Illinois State","W",28
"831",2016,"Indiana","L",16
"832",2016,"Indiana","W",18
"833",2016,"Indiana State","L",20
"834",2016,"Indiana State","W",11
"835",2016,"Iowa","L",15
"836",2016,"Iowa","W",19
"837",2016,"Iowa State","L",11
"838",2016,"Iowa State","W",24
"839",2016,"IUPUI","L",18
"840",2016,"IUPUI","W",14
"841",2016,"Kansas","L",5
"842",2016,"Kansas","W",31
"843",2016,"Kansas State","L",14
"844",2016,"Kansas State","W",21
"845",2016,"Kent State","L",14
"846",2016,"Kent State","W",22
"847",2016,"Loyola (IL)","L",14
"848",2016,"Loyola (IL)","W",18
"849",2016,"Memphis","L",13
"850",2016,"Memphis","W",19
"851",2016,"Miami (OH)","L",21
"852",2016,"Miami (OH)","W",11
"853",2016,"Michigan","L",12
"854",2016,"Michigan","W",26
"855",2016,"Michigan State","L",15
"856",2016,"Michigan State","W",20
"857",2016,"Milwaukee","L",24
"858",2016,"Milwaukee","W",11
"859",2016,"Minnesota","L",10
"860",2016,"Minnesota","W",24
"861",2016,"Missouri","L",24
"862",2016,"Missouri","W",8
"863",2016,"Missouri State","L",16
"864",2016,"Missouri State","W",17
"865",2016,"Murray State","L",17
"866",2016,"Murray State","W",16
"867",2016,"Nebraska","L",19
"868",2016,"Nebraska","W",12
"869",2016,"North Dakota","L",10
"870",2016,"North Dakota","W",22
"871",2016,"North Dakota State","L",11
"872",2016,"North Dakota State","W",19
"873",2016,"Northern Illinois","L",17
"874",2016,"Northern Illinois","W",15
"875",2016,"Northern Iowa","L",16
"876",2016,"Northern Iowa","W",14
"877",2016,"Northern Kentucky","L",11
"878",2016,"Northern Kentucky","W",24
"879",2016,"Northwestern","L",12
"880",2016,"Northwestern","W",24
"881",2016,"Notre Dame","L",10
"882",2016,"Notre Dame","W",26
"883",2016,"Ohio","L",11
"884",2016,"Ohio","W",20
"885",2016,"Ohio State","L",15
"886",2016,"Ohio State","W",17
"887",2016,"Oklahoma","L",20
"888",2016,"Oklahoma","W",11
"889",2016,"Oklahoma State","L",13
"890",2016,"Oklahoma State","W",20
"891",2016,"Oral Roberts","L",22
"892",2016,"Oral Roberts","W",8
"893",2016,"Pittsburgh","L",17
"894",2016,"Pittsburgh","W",16
"895",2016,"Purdue","L",8
"896",2016,"Purdue","W",27
"897",2016,"Robert Morris","L",19
"898",2016,"Robert Morris","W",14
"899",2016,"South Dakota","L",12
"900",2016,"South Dakota","W",22
"901",2016,"South Dakota State","L",17
"902",2016,"South Dakota State","W",18
"903",2016,"Southern Illinois","L",16
"904",2016,"Southern Illinois","W",17
"905",2016,"Toledo","L",17
"906",2016,"Toledo","W",17
"907",2016,"Tulsa","L",17
"908",2016,"Tulsa","W",15
"909",2016,"Valparaiso","L",9
"910",2016,"Valparaiso","W",24
"911",2016,"Western Michigan","L",16
"912",2016,"Western Michigan","W",16
"913",2016,"Wichita State","L",5
"914",2016,"Wichita State","W",31
"915",2016,"Wisconsin","L",10
"916",2016,"Wisconsin","W",27
"917",2016,"Wright State","L",12
"918",2016,"Wright State","W",20
"919",2016,"Youngstown State","L",21
"920",2016,"Youngstown State","W",13
"921",2017,"Akron","L",18
"922",2017,"Akron","W",14
"923",2017,"Ball State","L",13
"924",2017,"Ball State","W",19
"925",2017,"Belmont","L",9
"926",2017,"Belmont","W",24
"927",2017,"Bowling Green State","L",16
"928",2017,"Bowling Green State","W",16
"929",2017,"Bradley","L",13
"930",2017,"Bradley","W",20
"931",2017,"Buffalo","L",9
"932",2017,"Buffalo","W",27
"933",2017,"Butler","L",14
"934",2017,"Butler","W",21
"935",2017,"Central Michigan","L",15
"936",2017,"Central Michigan","W",21
"937",2017,"Chicago State","L",29
"938",2017,"Chicago State","W",3
"939",2017,"Cincinnati","L",5
"940",2017,"Cincinnati","W",31
"941",2017,"Cleveland State","L",23
"942",2017,"Cleveland State","W",12
"943",2017,"Creighton","L",12
"944",2017,"Creighton","W",21
"945",2017,"Denver","L",15
"946",2017,"Denver","W",15
"947",2017,"Detroit Mercy","L",24
"948",2017,"Detroit Mercy","W",8
"949",2017,"Drake","L",17
"950",2017,"Drake","W",17
"951",2017,"Eastern Michigan","L",13
"952",2017,"Eastern Michigan","W",22
"953",2017,"Evansville","L",15
"954",2017,"Evansville","W",17
"955",2017,"Green Bay","L",20
"956",2017,"Green Bay","W",13
"957",2017,"Illinois","L",18
"958",2017,"Illinois","W",14
"959",2017,"Illinois-Chicago","L",16
"960",2017,"Illinois-Chicago","W",20
"961",2017,"Illinois State","L",15
"962",2017,"Illinois State","W",18
"963",2017,"Indiana","L",15
"964",2017,"Indiana","W",16
"965",2017,"Indiana State","L",18
"966",2017,"Indiana State","W",13
"967",2017,"Iowa","L",19
"968",2017,"Iowa","W",14
"969",2017,"Iowa State","L",18
"970",2017,"Iowa State","W",13
"971",2017,"IUPUI","L",19
"972",2017,"IUPUI","W",11
"973",2017,"Kansas","L",8
"974",2017,"Kansas","W",31
"975",2017,"Kansas State","L",12
"976",2017,"Kansas State","W",25
"977",2017,"Kent State","L",17
"978",2017,"Kent State","W",17
"979",2017,"Loyola (IL)","L",6
"980",2017,"Loyola (IL)","W",32
"981",2017,"Memphis","L",13
"982",2017,"Memphis","W",21
"983",2017,"Miami (OH)","L",18
"984",2017,"Miami (OH)","W",16
"985",2017,"Michigan","L",8
"986",2017,"Michigan","W",33
"987",2017,"Michigan State","L",5
"988",2017,"Michigan State","W",30
"989",2017,"Milwaukee","L",17
"990",2017,"Milwaukee","W",16
"991",2017,"Minnesota","L",17
"992",2017,"Minnesota","W",15
"993",2017,"Missouri","L",13
"994",2017,"Missouri","W",20
"995",2017,"Missouri State","L",15
"996",2017,"Missouri State","W",18
"997",2017,"Murray State","L",6
"998",2017,"Murray State","W",26
"999",2017,"Nebraska","L",11
"1000",2017,"Nebraska","W",22
"1001",2017,"North Dakota","L",20
"1002",2017,"North Dakota","W",12
"1003",2017,"North Dakota State","L",17
"1004",2017,"North Dakota State","W",15
"1005",2017,"Northern Illinois","L",19
"1006",2017,"Northern Illinois","W",13
"1007",2017,"Northern Iowa","L",16
"1008",2017,"Northern Iowa","W",16
"1009",2017,"Northern Kentucky","L",10
"1010",2017,"Northern Kentucky","W",22
"1011",2017,"Northwestern","L",17
"1012",2017,"Northwestern","W",15
"1013",2017,"Notre Dame","L",15
"1014",2017,"Notre Dame","W",21
"1015",2017,"Ohio","L",17
"1016",2017,"Ohio","W",14
"1017",2017,"Ohio State","L",9
"1018",2017,"Ohio State","W",25
"1019",2017,"Oklahoma","L",14
"1020",2017,"Oklahoma","W",18
"1021",2017,"Oklahoma State","L",15
"1022",2017,"Oklahoma State","W",21
"1023",2017,"Oral Roberts","L",21
"1024",2017,"Oral Roberts","W",11
"1025",2017,"Pittsburgh","L",24
"1026",2017,"Pittsburgh","W",8
"1027",2017,"Purdue","L",7
"1028",2017,"Purdue","W",30
"1029",2017,"Robert Morris","L",17
"1030",2017,"Robert Morris","W",16
"1031",2017,"South Dakota","L",9
"1032",2017,"South Dakota","W",26
"1033",2017,"South Dakota State","L",7
"1034",2017,"South Dakota State","W",28
"1035",2017,"Southern Illinois","L",13
"1036",2017,"Southern Illinois","W",20
"1037",2017,"Toledo","L",11
"1038",2017,"Toledo","W",23
"1039",2017,"Tulsa","L",12
"1040",2017,"Tulsa","W",19
"1041",2017,"Valparaiso","L",17
"1042",2017,"Valparaiso","W",15
"1043",2017,"Western Michigan","L",15
"1044",2017,"Western Michigan","W",17
"1045",2017,"Wichita State","L",8
"1046",2017,"Wichita State","W",25
"1047",2017,"Wisconsin","L",18
"1048",2017,"Wisconsin","W",15
"1049",2017,"Wright State","L",10
"1050",2017,"Wright State","W",25
"1051",2017,"Youngstown State","L",24
"1052",2017,"Youngstown State","W",8
"1053",2018,"Akron","L",16
"1054",2018,"Akron","W",17
"1055",2018,"Ball State","L",17
"1056",2018,"Ball State","W",16
"1057",2018,"Belmont","L",6
"1058",2018,"Belmont","W",27
"1059",2018,"Bowling Green State","L",12
"1060",2018,"Bowling Green State","W",22
"1061",2018,"Bradley","L",15
"1062",2018,"Bradley","W",20
"1063",2018,"Buffalo","L",4
"1064",2018,"Buffalo","W",32
"1065",2018,"Butler","L",17
"1066",2018,"Butler","W",16
"1067",2018,"Central Michigan","L",12
"1068",2018,"Central Michigan","W",23
"1069",2018,"Chicago State","L",29
"1070",2018,"Chicago State","W",3
"1071",2018,"Cincinnati","L",7
"1072",2018,"Cincinnati","W",28
"1073",2018,"Cleveland State","L",21
"1074",2018,"Cleveland State","W",10
"1075",2018,"Creighton","L",15
"1076",2018,"Creighton","W",20
"1077",2018,"Denver","L",22
"1078",2018,"Denver","W",8
"1079",2018,"Detroit Mercy","L",20
"1080",2018,"Detroit Mercy","W",11
"1081",2018,"Drake","L",10
"1082",2018,"Drake","W",24
"1083",2018,"Eastern Michigan","L",17
"1084",2018,"Eastern Michigan","W",15
"1085",2018,"Evansville","L",21
"1086",2018,"Evansville","W",11
"1087",2018,"Green Bay","L",17
"1088",2018,"Green Bay","W",21
"1089",2018,"Illinois","L",21
"1090",2018,"Illinois","W",12
"1091",2018,"Illinois-Chicago","L",16
"1092",2018,"Illinois-Chicago","W",16
"1093",2018,"Illinois State","L",16
"1094",2018,"Illinois State","W",17
"1095",2018,"Indiana","L",16
"1096",2018,"Indiana","W",19
"1097",2018,"Indiana State","L",16
"1098",2018,"Indiana State","W",15
"1099",2018,"Iowa","L",12
"1100",2018,"Iowa","W",23
"1101",2018,"Iowa State","L",12
"1102",2018,"Iowa State","W",23
"1103",2018,"IUPUI","L",17
"1104",2018,"IUPUI","W",16
"1105",2018,"Kansas","L",10
"1106",2018,"Kansas","W",26
"1107",2018,"Kansas State","L",9
"1108",2018,"Kansas State","W",25
"1109",2018,"Kent State","L",11
"1110",2018,"Kent State","W",22
"1111",2018,"Loyola (IL)","L",14
"1112",2018,"Loyola (IL)","W",20
"1113",2018,"Memphis","L",14
"1114",2018,"Memphis","W",22
"1115",2018,"Miami (OH)","L",17
"1116",2018,"Miami (OH)","W",15
"1117",2018,"Michigan","L",7
"1118",2018,"Michigan","W",30
"1119",2018,"Michigan State","L",7
"1120",2018,"Michigan State","W",32
"1121",2018,"Milwaukee","L",22
"1122",2018,"Milwaukee","W",9
"1123",2018,"Minnesota","L",14
"1124",2018,"Minnesota","W",22
"1125",2018,"Missouri","L",17
"1126",2018,"Missouri","W",15
"1127",2018,"Missouri State","L",16
"1128",2018,"Missouri State","W",16
"1129",2018,"Murray State","L",5
"1130",2018,"Murray State","W",28
"1131",2018,"Nebraska","L",17
"1132",2018,"Nebraska","W",19
"1133",2018,"North Dakota","L",18
"1134",2018,"North Dakota","W",12
"1135",2018,"North Dakota State","L",16
"1136",2018,"North Dakota State","W",19
"1137",2018,"Northern Illinois","L",17
"1138",2018,"Northern Illinois","W",17
"1139",2018,"Northern Iowa","L",18
"1140",2018,"Northern Iowa","W",16
"1141",2018,"Northern Kentucky","L",9
"1142",2018,"Northern Kentucky","W",26
"1143",2018,"Northwestern","L",19
"1144",2018,"Northwestern","W",13
"1145",2018,"Notre Dame","L",19
"1146",2018,"Notre Dame","W",14
"1147",2018,"Ohio","L",17
"1148",2018,"Ohio","W",14
"1149",2018,"Ohio State","L",15
"1150",2018,"Ohio State","W",20
"1151",2018,"Oklahoma","L",14
"1152",2018,"Oklahoma","W",20
"1153",2018,"Oklahoma State","L",20
"1154",2018,"Oklahoma State","W",12
"1155",2018,"Oral Roberts","L",21
"1156",2018,"Oral Roberts","W",11
"1157",2018,"Pittsburgh","L",19
"1158",2018,"Pittsburgh","W",14
"1159",2018,"Purdue","L",10
"1160",2018,"Purdue","W",26
"1161",2018,"Robert Morris","L",17
"1162",2018,"Robert Morris","W",18
"1163",2018,"South Dakota","L",17
"1164",2018,"South Dakota","W",13
"1165",2018,"South Dakota State","L",9
"1166",2018,"South Dakota State","W",24
"1167",2018,"Southern Illinois","L",15
"1168",2018,"Southern Illinois","W",17
"1169",2018,"Toledo","L",8
"1170",2018,"Toledo","W",25
"1171",2018,"Tulsa","L",14
"1172",2018,"Tulsa","W",18
"1173",2018,"Valparaiso","L",18
"1174",2018,"Valparaiso","W",15
"1175",2018,"Western Michigan","L",24
"1176",2018,"Western Michigan","W",8
"1177",2018,"Wichita State","L",15
"1178",2018,"Wichita State","W",22
"1179",2018,"Wisconsin","L",11
"1180",2018,"Wisconsin","W",23
"1181",2018,"Wright State","L",14
"1182",2018,"Wright State","W",21
"1183",2018,"Youngstown State","L",20
"1184",2018,"Youngstown State","W",12
"1185",2019,"Akron","L",7
"1186",2019,"Akron","W",24
"1187",2019,"Ball State","L",13
"1188",2019,"Ball State","W",18
"1189",2019,"Belmont","L",7
"1190",2019,"Belmont","W",26
"1191",2019,"Bowling Green State","L",10
"1192",2019,"Bowling Green State","W",21
"1193",2019,"Bradley","L",11
"1194",2019,"Bradley","W",23
"1195",2019,"Buffalo","L",12
"1196",2019,"Buffalo","W",20
"1197",2019,"Butler","L",9
"1198",2019,"Butler","W",22
"1199",2019,"Central Michigan","L",18
"1200",2019,"Central Michigan","W",14
"1201",2019,"Chicago State","L",25
"1202",2019,"Chicago State","W",4
"1203",2019,"Cincinnati","L",10
"1204",2019,"Cincinnati","W",20
"1205",2019,"Cleveland State","L",21
"1206",2019,"Cleveland State","W",11
"1207",2019,"Creighton","L",7
"1208",2019,"Creighton","W",24
"1209",2019,"Denver","L",24
"1210",2019,"Denver","W",7
"1211",2019,"Detroit Mercy","L",23
"1212",2019,"Detroit Mercy","W",8
"1213",2019,"Drake","L",14
"1214",2019,"Drake","W",20
"1215",2019,"Eastern Michigan","L",16
"1216",2019,"Eastern Michigan","W",16
"1217",2019,"Evansville","L",23
"1218",2019,"Evansville","W",9
"1219",2019,"Green Bay","L",16
"1220",2019,"Green Bay","W",17
"1221",2019,"Illinois","L",10
"1222",2019,"Illinois","W",21
"1223",2019,"Illinois-Chicago","L",17
"1224",2019,"Illinois-Chicago","W",18
"1225",2019,"Illinois State","L",21
"1226",2019,"Illinois State","W",10
"1227",2019,"Indiana","L",12
"1228",2019,"Indiana","W",20
"1229",2019,"Indiana State","L",12
"1230",2019,"Indiana State","W",18
"1231",2019,"Iowa","L",11
"1232",2019,"Iowa","W",20
"1233",2019,"Iowa State","L",20
"1234",2019,"Iowa State","W",12
"1235",2019,"IUPUI","L",25
"1236",2019,"IUPUI","W",7
"1237",2019,"Kansas","L",3
"1238",2019,"Kansas","W",28
"1239",2019,"Kansas State","L",21
"1240",2019,"Kansas State","W",11
"1241",2019,"Kent State","L",12
"1242",2019,"Kent State","W",20
"1243",2019,"Loyola (IL)","L",11
"1244",2019,"Loyola (IL)","W",21
"1245",2019,"Memphis","L",10
"1246",2019,"Memphis","W",21
"1247",2019,"Miami (OH)","L",19
"1248",2019,"Miami (OH)","W",13
"1249",2019,"Michigan","L",12
"1250",2019,"Michigan","W",19
"1251",2019,"Michigan State","L",9
"1252",2019,"Michigan State","W",22
"1253",2019,"Milwaukee","L",19
"1254",2019,"Milwaukee","W",12
"1255",2019,"Minnesota","L",16
"1256",2019,"Minnesota","W",15
"1257",2019,"Missouri","L",16
"1258",2019,"Missouri","W",15
"1259",2019,"Missouri State","L",17
"1260",2019,"Missouri State","W",16
"1261",2019,"Murray State","L",9
"1262",2019,"Murray State","W",23
"1263",2019,"Nebraska","L",25
"1264",2019,"Nebraska","W",7
"1265",2019,"North Dakota","L",18
"1266",2019,"North Dakota","W",15
"1267",2019,"North Dakota State","L",8
"1268",2019,"North Dakota State","W",25
"1269",2019,"Northern Illinois","L",13
"1270",2019,"Northern Illinois","W",18
"1271",2019,"Northern Iowa","L",6
"1272",2019,"Northern Iowa","W",25
"1273",2019,"Northern Kentucky","L",9
"1274",2019,"Northern Kentucky","W",23
"1275",2019,"Northwestern","L",23
"1276",2019,"Northwestern","W",8
"1277",2019,"Notre Dame","L",12
"1278",2019,"Notre Dame","W",20
"1279",2019,"Ohio","L",15
"1280",2019,"Ohio","W",17
"1281",2019,"Ohio State","L",10
"1282",2019,"Ohio State","W",21
"1283",2019,"Oklahoma","L",12
"1284",2019,"Oklahoma","W",19
"1285",2019,"Oklahoma State","L",14
"1286",2019,"Oklahoma State","W",18
"1287",2019,"Oral Roberts","L",14
"1288",2019,"Oral Roberts","W",17
"1289",2019,"Pittsburgh","L",17
"1290",2019,"Pittsburgh","W",16
"1291",2019,"Purdue","L",15
"1292",2019,"Purdue","W",16
"1293",2019,"Robert Morris","L",14
"1294",2019,"Robert Morris","W",20
"1295",2019,"South Dakota","L",12
"1296",2019,"South Dakota","W",20
"1297",2019,"South Dakota State","L",10
"1298",2019,"South Dakota State","W",22
"1299",2019,"Southern Illinois","L",16
"1300",2019,"Southern Illinois","W",16
"1301",2019,"Toledo","L",15
"1302",2019,"Toledo","W",17
"1303",2019,"Tulsa","L",10
"1304",2019,"Tulsa","W",21
"1305",2019,"Valparaiso","L",16
"1306",2019,"Valparaiso","W",19
"1307",2019,"Western Michigan","L",19
"1308",2019,"Western Michigan","W",13
"1309",2019,"Wichita State","L",8
"1310",2019,"Wichita State","W",23
"1311",2019,"Wisconsin","L",10
"1312",2019,"Wisconsin","W",21
"1313",2019,"Wright State","L",7
"1314",2019,"Wright State","W",25
"1315",2019,"Youngstown State","L",15
"1316",2019,"Youngstown State","W",18
"1317",2020,"Akron","L",8
"1318",2020,"Akron","W",15
"1319",2020,"Ball State","L",13
"1320",2020,"Ball State","W",10
"1321",2020,"Belmont","L",4
"1322",2020,"Belmont","W",26
"1323",2020,"Bowling Green State","L",12
"1324",2020,"Bowling Green State","W",14
"1325",2020,"Bradley","L",16
"1326",2020,"Bradley","W",12
"1327",2020,"Buffalo","L",9
"1328",2020,"Buffalo","W",16
"1329",2020,"Butler","L",15
"1330",2020,"Butler","W",10
"1331",2020,"Central Michigan","L",16
"1332",2020,"Central Michigan","W",7
"1333",2020,"Chicago State","L",9
"1334",2020,"Cincinnati","L",11
"1335",2020,"Cincinnati","W",12
"1336",2020,"Cleveland State","L",8
"1337",2020,"Cleveland State","W",19
"1338",2020,"Creighton","L",9
"1339",2020,"Creighton","W",22
"1340",2020,"Denver","L",19
"1341",2020,"Denver","W",2
"1342",2020,"Detroit Mercy","L",10
"1343",2020,"Detroit Mercy","W",12
"1344",2020,"Drake","L",5
"1345",2020,"Drake","W",26
"1346",2020,"Eastern Michigan","L",12
"1347",2020,"Eastern Michigan","W",6
"1348",2020,"Evansville","L",16
"1349",2020,"Evansville","W",9
"1350",2020,"Green Bay","L",17
"1351",2020,"Green Bay","W",8
"1352",2020,"Illinois","L",7
"1353",2020,"Illinois","W",24
"1354",2020,"Illinois-Chicago","L",13
"1355",2020,"Illinois-Chicago","W",9
"1356",2020,"Illinois State","L",18
"1357",2020,"Illinois State","W",7
"1358",2020,"Indiana","L",15
"1359",2020,"Indiana","W",12
"1360",2020,"Indiana State","L",10
"1361",2020,"Indiana State","W",15
"1362",2020,"Iowa","L",9
"1363",2020,"Iowa","W",22
"1364",2020,"Iowa State","L",22
"1365",2020,"Iowa State","W",2
"1366",2020,"IUPUI","L",10
"1367",2020,"IUPUI","W",8
"1368",2020,"Kansas","L",9
"1369",2020,"Kansas","W",21
"1370",2020,"Kansas State","L",20
"1371",2020,"Kansas State","W",9
"1372",2020,"Kent State","L",8
"1373",2020,"Kent State","W",15
"1374",2020,"Loyola (IL)","L",5
"1375",2020,"Loyola (IL)","W",26
"1376",2020,"Memphis","L",8
"1377",2020,"Memphis","W",20
"1378",2020,"Miami (OH)","L",11
"1379",2020,"Miami (OH)","W",12
"1380",2020,"Michigan","L",5
"1381",2020,"Michigan","W",23
"1382",2020,"Michigan State","L",13
"1383",2020,"Michigan State","W",15
"1384",2020,"Milwaukee","L",12
"1385",2020,"Milwaukee","W",10
"1386",2020,"Minnesota","L",15
"1387",2020,"Minnesota","W",14
"1388",2020,"Missouri","L",10
"1389",2020,"Missouri","W",16
"1390",2020,"Missouri State","L",7
"1391",2020,"Missouri State","W",17
"1392",2020,"Murray State","L",13
"1393",2020,"Murray State","W",13
"1394",2020,"Nebraska","L",20
"1395",2020,"Nebraska","W",7
"1396",2020,"North Dakota","L",17
"1397",2020,"North Dakota","W",9
"1398",2020,"North Dakota State","L",12
"1399",2020,"North Dakota State","W",15
"1400",2020,"Northern Illinois","L",16
"1401",2020,"Northern Illinois","W",3
"1402",2020,"Northern Iowa","L",15
"1403",2020,"Northern Iowa","W",10
"1404",2020,"Northern Kentucky","L",11
"1405",2020,"Northern Kentucky","W",14
"1406",2020,"Northwestern","L",15
"1407",2020,"Northwestern","W",9
"1408",2020,"Notre Dame","L",15
"1409",2020,"Notre Dame","W",11
"1410",2020,"Ohio","L",8
"1411",2020,"Ohio","W",17
"1412",2020,"Ohio State","L",10
"1413",2020,"Ohio State","W",21
"1414",2020,"Oklahoma","L",11
"1415",2020,"Oklahoma","W",16
"1416",2020,"Oklahoma State","L",9
"1417",2020,"Oklahoma State","W",21
"1418",2020,"Oral Roberts","L",11
"1419",2020,"Oral Roberts","W",18
"1420",2020,"Pittsburgh","L",12
"1421",2020,"Pittsburgh","W",10
"1422",2020,"Purdue","L",10
"1423",2020,"Purdue","W",18
"1424",2020,"Robert Morris","L",15
"1425",2020,"Robert Morris","W",4
"1426",2020,"South Dakota","L",11
"1427",2020,"South Dakota","W",14
"1428",2020,"South Dakota State","L",7
"1429",2020,"South Dakota State","W",16
"1430",2020,"Southern Illinois","L",14
"1431",2020,"Southern Illinois","W",12
"1432",2020,"Toledo","L",9
"1433",2020,"Toledo","W",21
"1434",2020,"Tulsa","L",12
"1435",2020,"Tulsa","W",11
"1436",2020,"Valparaiso","L",18
"1437",2020,"Valparaiso","W",10
"1438",2020,"Western Michigan","L",16
"1439",2020,"Western Michigan","W",5
"1440",2020,"Wichita State","L",6
"1441",2020,"Wichita State","W",16
"1442",2020,"Wisconsin","L",13
"1443",2020,"Wisconsin","W",18
"1444",2020,"Wright State","L",6
"1445",2020,"Wright State","W",18
"1446",2020,"Youngstown State","L",12
"1447",2020,"Youngstown State","W",15
"1448",2021,"Akron","L",10
"1449",2021,"Akron","W",24
"1450",2021,"Ball State","L",17
"1451",2021,"Ball State","W",14
"1452",2021,"Belmont","L",8
"1453",2021,"Belmont","W",25
"1454",2021,"Bowling Green State","L",18
"1455",2021,"Bowling Green State","W",13
"1456",2021,"Bradley","L",14
"1457",2021,"Bradley","W",17
"1458",2021,"Buffalo","L",11
"1459",2021,"Buffalo","W",19
"1460",2021,"Butler","L",19
"1461",2021,"Butler","W",14
"1462",2021,"Central Michigan","L",23
"1463",2021,"Central Michigan","W",7
"1464",2021,"Chicago State","L",25
"1465",2021,"Chicago State","W",7
"1466",2021,"Cincinnati","L",15
"1467",2021,"Cincinnati","W",18
"1468",2021,"Cleveland State","L",11
"1469",2021,"Cleveland State","W",20
"1470",2021,"Creighton","L",12
"1471",2021,"Creighton","W",23
"1472",2021,"Denver","L",21
"1473",2021,"Denver","W",11
"1474",2021,"Detroit Mercy","L",16
"1475",2021,"Detroit Mercy","W",14
"1476",2021,"Drake","L",11
"1477",2021,"Drake","W",25
"1478",2021,"Eastern Michigan","L",21
"1479",2021,"Eastern Michigan","W",10
"1480",2021,"Evansville","L",24
"1481",2021,"Evansville","W",6
"1482",2021,"Green Bay","L",25
"1483",2021,"Green Bay","W",5
"1484",2021,"Illinois","L",10
"1485",2021,"Illinois","W",23
"1486",2021,"Illinois-Chicago","L",16
"1487",2021,"Illinois-Chicago","W",14
"1488",2021,"Illinois State","L",20
"1489",2021,"Illinois State","W",13
"1490",2021,"Indiana","L",14
"1491",2021,"Indiana","W",21
"1492",2021,"Indiana State","L",20
"1493",2021,"Indiana State","W",11
"1494",2021,"Iowa","L",10
"1495",2021,"Iowa","W",26
"1496",2021,"Iowa State","L",13
"1497",2021,"Iowa State","W",22
"1498",2021,"IUPUI","L",26
"1499",2021,"IUPUI","W",3
"1500",2021,"Kansas","L",6
"1501",2021,"Kansas","W",34
"1502",2021,"Kansas State","L",17
"1503",2021,"Kansas State","W",14
"1504",2021,"Kent State","L",11
"1505",2021,"Kent State","W",23
"1506",2021,"Loyola (IL)","L",8
"1507",2021,"Loyola (IL)","W",25
"1508",2021,"Memphis","L",11
"1509",2021,"Memphis","W",22
"1510",2021,"Miami (OH)","L",18
"1511",2021,"Miami (OH)","W",14
"1512",2021,"Michigan","L",15
"1513",2021,"Michigan","W",19
"1514",2021,"Michigan State","L",13
"1515",2021,"Michigan State","W",23
"1516",2021,"Milwaukee","L",22
"1517",2021,"Milwaukee","W",10
"1518",2021,"Minnesota","L",17
"1519",2021,"Minnesota","W",13
"1520",2021,"Missouri","L",21
"1521",2021,"Missouri","W",12
"1522",2021,"Missouri State","L",11
"1523",2021,"Missouri State","W",23
"1524",2021,"Murray State","L",3
"1525",2021,"Murray State","W",31
"1526",2021,"Nebraska","L",22
"1527",2021,"Nebraska","W",10
"1528",2021,"North Dakota","L",25
"1529",2021,"North Dakota","W",6
"1530",2021,"North Dakota State","L",10
"1531",2021,"North Dakota State","W",23
"1532",2021,"Northern Illinois","L",21
"1533",2021,"Northern Illinois","W",9
"1534",2021,"Northern Iowa","L",12
"1535",2021,"Northern Iowa","W",20
"1536",2021,"Northern Kentucky","L",12
"1537",2021,"Northern Kentucky","W",20
"1538",2021,"Northwestern","L",16
"1539",2021,"Northwestern","W",15
"1540",2021,"Notre Dame","L",11
"1541",2021,"Notre Dame","W",24
"1542",2021,"Ohio","L",10
"1543",2021,"Ohio","W",25
"1544",2021,"Ohio State","L",12
"1545",2021,"Ohio State","W",20
"1546",2021,"Oklahoma","L",16
"1547",2021,"Oklahoma","W",19
"1548",2021,"Oklahoma State","L",15
"1549",2021,"Oklahoma State","W",15
"1550",2021,"Oral Roberts","L",12
"1551",2021,"Oral Roberts","W",19
"1552",2021,"Pittsburgh","L",21
"1553",2021,"Pittsburgh","W",11
"1554",2021,"Purdue","L",8
"1555",2021,"Purdue","W",29
"1556",2021,"Robert Morris","L",24
"1557",2021,"Robert Morris","W",8
"1558",2021,"South Dakota","L",12
"1559",2021,"South Dakota","W",19
"1560",2021,"South Dakota State","L",5
"1561",2021,"South Dakota State","W",30
"1562",2021,"Southern Illinois","L",15
"1563",2021,"Southern Illinois","W",16
"1564",2021,"Toledo","L",8
"1565",2021,"Toledo","W",26
"1566",2021,"Tulsa","L",20
"1567",2021,"Tulsa","W",11
"1568",2021,"Valparaiso","L",18
"1569",2021,"Valparaiso","W",14
"1570",2021,"Western Michigan","L",23
"1571",2021,"Western Michigan","W",8
"1572",2021,"Wichita State","L",13
"1573",2021,"Wichita State","W",15
"1574",2021,"Wisconsin","L",8
"1575",2021,"Wisconsin","W",25
"1576",2021,"Wright State","L",14
"1577",2021,"Wright State","W",22
"1578",2021,"Youngstown State","L",15
"1579",2021,"Youngstown State","W",19
"1580",2022,"Akron","L",11
"1581",2022,"Akron","W",22
"1582",2022,"Ball State","L",12
"1583",2022,"Ball State","W",20
"1584",2022,"Belmont","L",11
"1585",2022,"Belmont","W",21
"1586",2022,"Bowling Green State","L",20
"1587",2022,"Bowling Green State","W",11
"1588",2022,"Bradley","L",10
"1589",2022,"Bradley","W",25
"1590",2022,"Buffalo","L",17
"1591",2022,"Buffalo","W",15
"1592",2022,"Butler","L",18
"1593",2022,"Butler","W",14
"1594",2022,"Central Michigan","L",21
"1595",2022,"Central Michigan","W",10
"1596",2022,"Chicago State","L",20
"1597",2022,"Chicago State","W",11
"1598",2022,"Cincinnati","L",13
"1599",2022,"Cincinnati","W",23
"1600",2022,"Cleveland State","L",14
"1601",2022,"Cleveland State","W",21
"1602",2022,"Creighton","L",13
"1603",2022,"Creighton","W",24
"1604",2022,"Denver","L",17
"1605",2022,"Denver","W",15
"1606",2022,"Detroit Mercy","L",19
"1607",2022,"Detroit Mercy","W",14
"1608",2022,"Drake","L",8
"1609",2022,"Drake","W",27
"1610",2022,"Eastern Michigan","L",23
"1611",2022,"Eastern Michigan","W",8
"1612",2022,"Evansville","L",27
"1613",2022,"Evansville","W",5
"1614",2022,"Green Bay","L",29
"1615",2022,"Green Bay","W",3
"1616",2022,"Illinois","L",13
"1617",2022,"Illinois","W",20
"1618",2022,"Illinois-Chicago","L",20
"1619",2022,"Illinois-Chicago","W",12
"1620",2022,"Illinois State","L",21
"1621",2022,"Illinois State","W",11
"1622",2022,"Indiana","L",12
"1623",2022,"Indiana","W",23
"1624",2022,"Indiana State","L",13
"1625",2022,"Indiana State","W",23
"1626",2022,"Iowa","L",14
"1627",2022,"Iowa","W",19
"1628",2022,"Iowa State","L",14
"1629",2022,"Iowa State","W",19
"1630",2022,"IUPUI","L",27
"1631",2022,"IUPUI","W",5
"1632",2022,"Kansas","L",8
"1633",2022,"Kansas","W",28
"1634",2022,"Kansas State","L",10
"1635",2022,"Kansas State","W",26
"1636",2022,"Kent State","L",7
"1637",2022,"Kent State","W",28
"1638",2022,"Loyola (IL)","L",21
"1639",2022,"Loyola (IL)","W",10
"1640",2022,"Memphis","L",9
"1641",2022,"Memphis","W",26
"1642",2022,"Miami (OH)","L",20
"1643",2022,"Miami (OH)","W",12
"1644",2022,"Michigan","L",16
"1645",2022,"Michigan","W",18
"1646",2022,"Michigan State","L",13
"1647",2022,"Michigan State","W",21
"1648",2022,"Milwaukee","L",12
"1649",2022,"Milwaukee","W",22
"1650",2022,"Minnesota","L",22
"1651",2022,"Minnesota","W",9
"1652",2022,"Missouri","L",10
"1653",2022,"Missouri","W",25
"1654",2022,"Missouri State","L",15
"1655",2022,"Missouri State","W",17
"1656",2022,"Murray State","L",15
"1657",2022,"Murray State","W",17
"1658",2022,"Nebraska","L",16
"1659",2022,"Nebraska","W",16
"1660",2022,"North Dakota","L",20
"1661",2022,"North Dakota","W",13
"1662",2022,"North Dakota State","L",17
"1663",2022,"North Dakota State","W",16
"1664",2022,"Northern Illinois","L",19
"1665",2022,"Northern Illinois","W",13
"1666",2022,"Northern Iowa","L",18
"1667",2022,"Northern Iowa","W",14
"1668",2022,"Northern Kentucky","L",13
"1669",2022,"Northern Kentucky","W",22
"1670",2022,"Northwestern","L",12
"1671",2022,"Northwestern","W",22
"1672",2022,"Notre Dame","L",21
"1673",2022,"Notre Dame","W",11
"1674",2022,"Ohio","L",14
"1675",2022,"Ohio","W",19
"1676",2022,"Ohio State","L",19
"1677",2022,"Ohio State","W",16
"1678",2022,"Oklahoma","L",17
"1679",2022,"Oklahoma","W",15
"1680",2022,"Oklahoma State","L",16
"1681",2022,"Oklahoma State","W",20
"1682",2022,"Oral Roberts","L",5
"1683",2022,"Oral Roberts","W",30
"1684",2022,"Pittsburgh","L",12
"1685",2022,"Pittsburgh","W",24
"1686",2022,"Purdue","L",6
"1687",2022,"Purdue","W",29
"1688",2022,"Robert Morris","L",17
"1689",2022,"Robert Morris","W",16
"1690",2022,"South Dakota","L",19
"1691",2022,"South Dakota","W",12
"1692",2022,"South Dakota State","L",13
"1693",2022,"South Dakota State","W",19
"1694",2022,"Southern Illinois","L",10
"1695",2022,"Southern Illinois","W",23
"1696",2022,"Toledo","L",8
"1697",2022,"Toledo","W",27
"1698",2022,"Tulsa","L",25
"1699",2022,"Tulsa","W",5
"1700",2022,"Valparaiso","L",21
"1701",2022,"Valparaiso","W",11
"1702",2022,"Western Michigan","L",23
"1703",2022,"Western Michigan","W",8
"1704",2022,"Wichita State","L",15
"1705",2022,"Wichita State","W",17
"1706",2022,"Wisconsin","L",15
"1707",2022,"Wisconsin","W",20
"1708",2022,"Wright State","L",15
"1709",2022,"Wright State","W",18
"1710",2022,"Youngstown State","L",10
"1711",2022,"Youngstown State","W",24
