"","school","conf","div","c_wins","c_lose","avg_wins","avg_loses","bowl_times","runs_table","win_out_times","wk"
"1","Air Force","MWC","Mountain",0,0,8,4,9612,38,38,1
"2","Akron","MAC","East",0,0,3,9,428,0,0,1
"3","Alabama","SEC","West",0,0,10,2,9992,463,463,1
"4","Alabama-Birmingham","CUSA","West",0,0,7,5,9192,6,6,1
"5","Appalachian State","Sun Belt","East",0,0,7,4,8679,8,8,1
"6","Arizona","Pac-12",NA,0,0,4,8,1670,0,0,1
"7","Arizona State","Pac-12",NA,0,0,7,5,8472,3,3,1
"8","Arkansas","SEC","West",0,0,8,4,9288,28,28,1
"9","Arkansas State","Sun Belt","West",0,0,5,7,4626,0,0,1
"10","Army","Ind",NA,0,0,8,4,9867,38,38,1
"11","Auburn","SEC","West",0,0,7,5,8521,0,0,1
"12","Ball State","MAC","West",0,0,6,6,6343,1,1,1
"13","Baylor","Big 12",NA,0,0,8,4,9854,89,89,1
"14","Boise State","MWC","Mountain",0,0,8,4,9124,18,18,1
"15","Boston College","ACC","Atlantic",0,0,6,6,6170,0,0,1
"16","Bowling Green","MAC","East",0,0,4,8,1828,0,0,1
"17","Brigham Young","Ind",NA,0,0,7,5,8592,9,9,1
"18","Buffalo","MAC","East",0,0,5,7,3158,0,0,1
"19","California","Pac-12",NA,0,0,7,5,8483,3,3,1
"20","Central Florida","American",NA,0,0,8,4,9637,53,53,1
"21","Central Michigan","MAC","West",0,0,8,4,9359,2,2,1
"22","Charlotte","CUSA","East",0,1,4,8,816,0,0,1
"23","Cincinnati","American",NA,0,0,9,3,9986,208,208,1
"24","Clemson","ACC","Atlantic",0,0,9,3,9930,165,165,1
"25","Coastal Carolina","Sun Belt","East",0,0,9,3,9887,112,112,1
"26","Colorado","Pac-12",NA,0,0,4,8,2541,0,0,1
"27","Colorado State","MWC","Mountain",0,0,5,7,2577,0,0,1
"28","Connecticut","Ind",NA,0,1,4,8,845,0,0,1
"29","Duke","ACC","Coastal",0,0,5,7,2455,0,0,1
"30","East Carolina","American",NA,0,0,7,5,8410,1,1,1
"31","Eastern Michigan","MAC","West",0,0,5,7,4725,0,0,1
"32","Florida","SEC","East",0,0,6,6,7553,2,2,1
"33","Florida Atlantic","CUSA","East",1,0,6,6,5674,0,0,1
"34","Florida International","CUSA","East",0,0,3,9,630,0,0,1
"35","Florida State","ACC","Atlantic",1,0,6,6,6076,2,2,1
"36","Fresno State","MWC","West",0,0,8,4,9416,21,21,1
"37","Georgia","SEC","East",0,0,10,2,9996,1212,1212,1
"38","Georgia Southern","Sun Belt","East",0,0,5,7,3666,0,0,1
"39","Georgia State","Sun Belt","East",0,0,7,5,9125,4,4,1
"40","Georgia Tech","ACC","Coastal",0,0,4,8,1834,0,0,1
"41","Hawaii","MWC","West",0,1,5,8,1198,0,0,1
"42","Houston","American",NA,0,0,8,4,9753,38,38,1
"43","Illinois","Big Ten","West",1,0,6,6,6652,1,1,1
"44","Indiana","Big Ten","East",0,0,5,7,2663,0,0,1
"45","Iowa","Big Ten","West",0,0,7,5,9100,7,7,1
"46","Iowa State","Big 12",NA,0,0,7,5,8847,3,3,1
"47","James Madison","Sun Belt","East",0,0,3,8,245,0,0,1
"48","Kansas","Big 12",NA,0,0,4,8,609,0,0,1
"49","Kansas State","Big 12",NA,0,0,7,5,8600,0,0,1
"50","Kent State","MAC","East",0,0,4,7,1659,0,0,1
"51","Kentucky","SEC","East",0,0,9,3,9898,93,93,1
"52","Liberty","Ind",NA,0,0,8,4,9489,8,8,1
"53","Louisiana","Sun Belt","West",0,0,10,2,9995,789,789,1
"54","Louisiana-Monroe","Sun Belt","West",0,0,4,8,933,0,0,1
"55","Louisiana State","SEC","West",0,0,7,5,8027,0,0,1
"56","Louisiana Tech","CUSA","West",0,0,4,8,1739,0,0,1
"57","Louisville","ACC","Atlantic",0,0,6,6,5460,0,0,1
"58","Marshall","Sun Belt","East",0,0,6,6,5901,0,0,1
"59","Maryland","Big Ten","East",0,0,7,5,8626,0,0,1
"60","Massachusetts","Ind",NA,0,0,4,8,947,0,0,1
"61","Memphis","American",NA,0,0,7,5,8020,1,1,1
"62","Miami (FL)","ACC","Coastal",0,0,7,5,9249,3,3,1
"63","Miami (OH)","MAC","East",0,0,7,5,7796,0,0,1
"64","Michigan","Big Ten","East",0,0,9,3,9978,250,250,1
"65","Michigan State","Big Ten","East",0,0,8,4,9692,35,35,1
"66","Middle Tennessee State","CUSA","East",0,0,6,6,7360,1,1,1
"67","Minnesota","Big Ten","West",0,0,8,4,9801,38,38,1
"68","Mississippi","SEC","West",0,0,8,4,9799,61,61,1
"69","Mississippi State","SEC","West",0,0,6,6,7446,0,0,1
"70","Missouri","SEC","East",0,0,6,6,6161,0,0,1
"71","Navy","American",NA,0,0,5,7,2920,0,0,1
"72","Nebraska","Big Ten","West",0,1,5,7,3586,0,0,1
"73","Nevada","MWC","West",1,0,8,4,9404,8,8,1
"74","Nevada-Las Vegas","MWC","West",1,0,5,7,2702,0,0,1
"75","New Mexico","MWC","Mountain",0,0,4,8,1357,0,0,1
"76","New Mexico State","Ind",NA,0,1,4,7,705,0,0,1
"77","North Carolina","ACC","Coastal",1,0,6,6,6373,0,0,1
"78","North Carolina State","ACC","Atlantic",0,0,8,4,9730,53,53,1
"79","North Texas","CUSA","West",1,0,7,5,9062,4,4,1
"80","Northern Illinois","MAC","West",0,0,5,7,4349,0,0,1
"81","Northwestern","Big Ten","West",1,0,6,6,5525,0,0,1
"82","Notre Dame","Ind",NA,0,0,9,3,9836,67,67,1
"83","Ohio","MAC","East",0,0,5,7,3630,0,0,1
"84","Ohio State","Big Ten","East",0,0,9,3,9966,265,265,1
"85","Oklahoma","Big 12",NA,0,0,9,3,9854,124,124,1
"86","Oklahoma State","Big 12",NA,0,0,9,3,9910,90,90,1
"87","Old Dominion","Sun Belt","East",0,0,5,7,2887,0,0,1
"88","Oregon","Pac-12",NA,0,0,7,5,8700,2,2,1
"89","Oregon State","Pac-12",NA,0,0,7,5,7762,2,2,1
"90","Penn State","Big Ten","East",0,0,7,5,8341,5,5,1
"91","Pittsburgh","ACC","Coastal",0,0,9,3,9925,224,224,1
"92","Purdue","Big Ten","West",0,0,8,4,9206,9,9,1
"93","Rice","CUSA","West",0,0,4,8,1487,0,0,1
"94","Rutgers","Big Ten","East",0,0,5,7,3570,0,0,1
"95","San Diego State","MWC","West",0,0,8,4,9638,11,11,1
"96","San Jose State","MWC","West",0,0,5,6,2974,0,0,1
"97","South Alabama","Sun Belt","West",0,0,6,6,6415,0,0,1
"98","South Carolina","SEC","East",0,0,7,5,7690,1,1,1
"99","South Florida","American",NA,0,0,4,8,955,0,0,1
"100","Southern California","Pac-12",NA,0,0,6,6,5141,0,0,1
"101","Southern Methodist","American",NA,0,0,7,5,7546,2,2,1
"102","Southern Mississippi","Sun Belt","West",0,0,4,8,804,0,0,1
"103","Stanford","Pac-12",NA,0,0,4,8,1816,0,0,1
"104","Syracuse","ACC","Atlantic",0,0,5,7,4627,0,0,1
"105","Temple","American",NA,0,0,4,8,1680,0,0,1
"106","Tennessee","SEC","East",0,0,7,5,8411,2,2,1
"107","Texas","Big 12",NA,0,0,6,6,6908,1,1,1
"108","Texas-El Paso","CUSA","West",0,1,4,8,1992,0,0,1
"109","Texas-San Antonio","CUSA","West",0,0,7,5,8156,0,0,1
"110","Texas A&M","SEC","West",0,0,8,4,9738,15,15,1
"111","Texas Christian","Big 12",NA,0,0,6,6,5010,0,0,1
"112","Texas State","Sun Belt","West",0,0,5,7,3946,0,0,1
"113","Texas Tech","Big 12",NA,0,0,6,6,7110,4,4,1
"114","Toledo","MAC","West",0,0,5,6,4895,0,0,1
"115","Troy","Sun Belt","West",0,0,5,7,4919,0,0,1
"116","Tulane","American",NA,0,0,5,7,4921,0,0,1
"117","Tulsa","American",NA,0,0,7,5,8134,4,4,1
"118","UCLA","Pac-12",NA,0,0,9,3,9931,84,84,1
"119","Utah","Pac-12",NA,0,0,9,3,9866,83,83,1
"120","Utah State","MWC","Mountain",1,0,8,4,9637,3,3,1
"121","Vanderbilt","SEC","East",1,0,5,7,4761,0,0,1
"122","Virginia","ACC","Coastal",0,0,7,5,7604,2,2,1
"123","Virginia Tech","ACC","Coastal",0,0,6,6,6411,0,0,1
"124","Wake Forest","ACC","Atlantic",0,0,8,4,9660,52,52,1
"125","Washington","Pac-12",NA,0,0,6,6,6230,0,0,1
"126","Washington State","Pac-12",NA,0,0,8,4,9192,13,13,1
"127","West Virginia","Big 12",NA,0,0,6,6,5753,0,0,1
"128","Western Kentucky","CUSA","East",1,0,8,5,9079,8,8,1
"129","Western Michigan","MAC","West",0,0,6,6,7563,0,0,1
"130","Wisconsin","Big Ten","West",0,0,8,4,9605,19,19,1
"131","Wyoming","MWC","Mountain",0,1,5,7,4094,0,0,1
"132","Air Force","MWC","Mountain",1,0,8,4,9776,79,79,2
"133","Akron","MAC","East",1,0,4,8,825,0,0,2
"134","Alabama","SEC","West",1,0,10,2,9991,571,571,2
"135","Alabama-Birmingham","CUSA","West",1,0,8,4,9551,5,5,2
"136","Appalachian State","Sun Belt","East",0,1,6,5,6674,6,0,2
"137","Arizona","Pac-12",NA,1,0,6,6,6345,0,0,2
"138","Arizona State","Pac-12",NA,1,0,7,5,8366,2,2,2
"139","Arkansas","SEC","West",1,0,8,4,9658,60,60,2
"140","Arkansas State","Sun Belt","West",1,0,6,6,5845,0,0,2
"141","Army","Ind",NA,0,1,8,4,9689,93,0,2
"142","Auburn","SEC","West",1,0,7,5,8245,1,1,2
"143","Ball State","MAC","West",0,1,6,6,5675,2,0,2
"144","Baylor","Big 12",NA,1,0,8,4,9821,64,64,2
"145","Boise State","MWC","Mountain",0,1,7,5,8026,27,0,2
"146","Boston College","ACC","Atlantic",0,1,5,7,3441,0,0,2
"147","Bowling Green","MAC","East",0,1,4,8,1635,0,0,2
"148","Brigham Young","Ind",NA,1,0,8,4,9530,34,34,2
"149","Buffalo","MAC","East",0,1,5,7,2826,0,0,2
"150","California","Pac-12",NA,1,0,7,5,8505,4,4,2
"151","Central Florida","American",NA,1,0,8,4,9779,80,80,2
"152","Central Michigan","MAC","West",0,1,7,5,9226,21,0,2
"153","Charlotte","CUSA","East",0,2,3,9,58,0,0,2
"154","Cincinnati","American",NA,0,1,9,3,9954,542,0,2
"155","Clemson","ACC","Atlantic",1,0,9,3,9990,409,409,2
"156","Coastal Carolina","Sun Belt","East",1,0,9,3,9985,259,259,2
"157","Colorado","Pac-12",NA,0,1,3,9,446,0,0,2
"158","Colorado State","MWC","Mountain",0,1,5,7,2622,0,0,2
"159","Connecticut","Ind",NA,1,1,4,8,1443,0,0,2
"160","Duke","ACC","Coastal",1,0,5,7,3742,0,0,2
"161","East Carolina","American",NA,0,1,6,6,7496,2,0,2
"162","Eastern Michigan","MAC","West",1,0,6,6,5631,0,0,2
"163","Florida","SEC","East",1,0,7,5,8922,1,1,2
"164","Florida Atlantic","CUSA","East",1,1,5,7,4060,0,0,2
"165","Florida International","CUSA","East",1,0,4,8,1464,0,0,2
"166","Florida State","ACC","Atlantic",2,0,7,5,8078,3,3,2
"167","Fresno State","MWC","West",1,0,8,4,9540,27,27,2
"168","Georgia","SEC","East",1,0,10,2,10000,1488,1488,2
"169","Georgia Southern","Sun Belt","East",1,0,5,7,4247,0,0,2
"170","Georgia State","Sun Belt","East",0,1,7,5,8331,28,0,2
"171","Georgia Tech","ACC","Coastal",0,1,4,8,775,0,0,2
"172","Hawaii","MWC","West",0,2,4,9,174,0,0,2
"173","Houston","American",NA,1,0,9,3,9976,116,116,2
"174","Illinois","Big Ten","West",1,1,5,7,4794,1,0,2
"175","Indiana","Big Ten","East",1,0,5,7,4235,0,0,2
"176","Iowa","Big Ten","West",1,0,7,5,9140,9,9,2
"177","Iowa State","Big 12",NA,1,0,7,5,8863,5,5,2
"178","James Madison","Sun Belt","East",1,0,4,7,1681,0,0,2
"179","Kansas","Big 12",NA,1,0,4,8,665,0,0,2
"180","Kansas State","Big 12",NA,1,0,7,5,8520,1,1,2
"181","Kent State","MAC","East",0,1,4,7,1022,0,0,2
"182","Kentucky","SEC","East",1,0,9,3,9911,86,86,2
"183","Liberty","Ind",NA,1,0,8,4,9774,10,10,2
"184","Louisiana","Sun Belt","West",1,0,10,2,9998,755,755,2
"185","Louisiana-Monroe","Sun Belt","West",0,1,4,8,673,0,0,2
"186","Louisiana State","SEC","West",0,1,6,6,5570,0,0,2
"187","Louisiana Tech","CUSA","West",0,1,4,8,2025,0,0,2
"188","Louisville","ACC","Atlantic",0,1,5,7,2569,0,0,2
"189","Marshall","Sun Belt","East",1,0,6,6,6187,0,0,2
"190","Maryland","Big Ten","East",1,0,7,5,8610,0,0,2
"191","Massachusetts","Ind",NA,0,1,3,9,534,0,0,2
"192","Memphis","American",NA,0,1,6,6,7634,7,0,2
"193","Miami (FL)","ACC","Coastal",1,0,7,5,9340,3,3,2
"194","Miami (OH)","MAC","East",0,1,6,6,7512,4,0,2
"195","Michigan","Big Ten","East",1,0,9,3,9984,225,225,2
"196","Michigan State","Big Ten","East",1,0,8,4,9739,52,52,2
"197","Middle Tennessee State","CUSA","East",0,1,5,7,3010,0,0,2
"198","Minnesota","Big Ten","West",1,0,8,4,9849,37,37,2
"199","Mississippi","SEC","West",1,0,8,4,9789,67,67,2
"200","Mississippi State","SEC","West",1,0,7,5,7900,0,0,2
"201","Missouri","SEC","East",1,0,6,6,6107,0,0,2
"202","Navy","American",NA,0,1,3,9,432,0,0,2
"203","Nebraska","Big Ten","West",1,1,5,7,3748,1,0,2
"204","Nevada","MWC","West",2,0,8,4,9752,14,14,2
"205","Nevada-Las Vegas","MWC","West",1,0,5,7,3107,0,0,2
"206","New Mexico","MWC","Mountain",1,0,5,7,2352,0,0,2
"207","New Mexico State","Ind",NA,0,2,4,7,693,0,0,2
"208","North Carolina","ACC","Coastal",2,0,7,5,8521,4,4,2
"209","North Carolina State","ACC","Atlantic",1,0,9,3,9934,101,101,2
"210","North Texas","CUSA","West",1,1,6,6,7234,2,0,2
"211","Northern Illinois","MAC","West",1,0,5,7,4906,0,0,2
"212","Northwestern","Big Ten","West",1,0,6,6,5528,0,0,2
"213","Notre Dame","Ind",NA,0,1,8,4,9693,220,0,2
"214","Ohio","MAC","East",1,0,6,6,5407,0,0,2
"215","Ohio State","Big Ten","East",1,0,9,3,9992,338,338,2
"216","Oklahoma","Big 12",NA,1,0,9,3,9841,122,122,2
"217","Oklahoma State","Big 12",NA,1,0,9,3,9938,81,81,2
"218","Old Dominion","Sun Belt","East",1,0,6,6,5054,0,0,2
"219","Oregon","Pac-12",NA,0,1,7,5,7895,20,0,2
"220","Oregon State","Pac-12",NA,1,0,7,5,9136,4,4,2
"221","Penn State","Big Ten","East",1,0,8,4,9618,32,32,2
"222","Pittsburgh","ACC","Coastal",1,0,9,3,9978,356,356,2
"223","Purdue","Big Ten","West",0,1,6,6,7176,6,0,2
"224","Rice","CUSA","West",0,1,4,8,1306,0,0,2
"225","Rutgers","Big Ten","East",1,0,6,6,5801,0,0,2
"226","San Diego State","MWC","West",0,1,6,6,7093,3,0,2
"227","San Jose State","MWC","West",1,0,5,6,3699,0,0,2
"228","South Alabama","Sun Belt","West",1,0,6,6,7209,0,0,2
"229","South Carolina","SEC","East",1,0,7,5,8202,1,1,2
"230","South Florida","American",NA,0,1,3,9,336,0,0,2
"231","Southern California","Pac-12",NA,1,0,6,6,5747,0,0,2
"232","Southern Methodist","American",NA,1,0,8,4,9463,25,25,2
"233","Southern Mississippi","Sun Belt","West",0,1,3,9,399,0,0,2
"234","Stanford","Pac-12",NA,1,0,4,8,1935,0,0,2
"235","Syracuse","ACC","Atlantic",1,0,6,6,7341,0,0,2
"236","Temple","American",NA,0,1,4,8,1025,0,0,2
"237","Tennessee","SEC","East",1,0,7,5,8501,3,3,2
"238","Texas","Big 12",NA,1,0,6,6,6997,0,0,2
"239","Texas-El Paso","CUSA","West",0,2,5,7,2539,0,0,2
"240","Texas-San Antonio","CUSA","West",0,1,6,6,7344,2,0,2
"241","Texas A&M","SEC","West",1,0,8,4,9689,23,23,2
"242","Texas Christian","Big 12",NA,1,0,7,5,7913,1,1,2
"243","Texas State","Sun Belt","West",0,1,5,7,2888,0,0,2
"244","Texas Tech","Big 12",NA,1,0,6,6,6895,1,1,2
"245","Toledo","MAC","West",1,0,7,5,8065,1,1,2
"246","Troy","Sun Belt","West",0,1,5,7,4707,0,0,2
"247","Tulane","American",NA,1,0,6,6,5981,0,0,2
"248","Tulsa","American",NA,0,1,6,6,6715,0,0,2
"249","UCLA","Pac-12",NA,1,0,9,3,9929,128,128,2
"250","Utah","Pac-12",NA,0,1,8,4,9667,138,0,2
"251","Utah State","MWC","Mountain",1,1,8,4,9561,70,0,2
"252","Vanderbilt","SEC","East",2,0,5,7,4619,0,0,2
"253","Virginia","ACC","Coastal",1,0,7,5,7751,2,2,2
"254","Virginia Tech","ACC","Coastal",0,1,5,7,3845,0,0,2
"255","Wake Forest","ACC","Atlantic",1,0,8,4,9603,41,41,2
"256","Washington","Pac-12",NA,1,0,6,6,6762,0,0,2
"257","Washington State","Pac-12",NA,1,0,7,5,9064,9,9,2
"258","West Virginia","Big 12",NA,0,1,5,7,4285,1,0,2
"259","Western Kentucky","CUSA","East",2,0,10,3,9924,69,69,2
"260","Western Michigan","MAC","West",0,1,6,6,7137,7,0,2
"261","Wisconsin","Big Ten","West",1,0,8,4,9665,23,23,2
"262","Wyoming","MWC","Mountain",1,1,6,6,6535,2,0,2
"263","Air Force","MWC","Mountain",2,0,9,3,9956,207,207,3
"264","Akron","MAC","East",1,1,4,8,1023,0,0,3
"265","Alabama","SEC","West",2,0,10,2,9998,713,713,3
"266","Alabama-Birmingham","CUSA","West",1,1,7,5,8762,11,0,3
"267","Appalachian State","Sun Belt","East",1,1,7,4,9192,165,0,3
"268","Arizona","Pac-12",NA,1,1,5,7,3611,0,0,3
"269","Arizona State","Pac-12",NA,1,1,7,5,8036,23,0,3
"270","Arkansas","SEC","West",2,0,9,3,9862,92,92,3
"271","Arkansas State","Sun Belt","West",1,1,6,6,5061,0,0,3
"272","Army","Ind",NA,0,2,7,5,8721,49,0,3
"273","Auburn","SEC","West",2,0,7,5,8534,1,1,3
"274","Ball State","MAC","West",0,2,5,7,2904,1,0,3
"275","Baylor","Big 12",NA,1,1,7,5,9175,50,0,3
"276","Boise State","MWC","Mountain",1,1,8,4,9470,99,0,3
"277","Boston College","ACC","Atlantic",0,2,4,8,1381,0,0,3
"278","Bowling Green","MAC","East",0,2,3,9,328,0,0,3
"279","Brigham Young","Ind",NA,2,0,9,3,9960,192,192,3
"280","Buffalo","MAC","East",0,2,3,9,633,0,0,3
"281","California","Pac-12",NA,2,0,7,5,8870,4,4,3
"282","Central Florida","American",NA,1,1,7,5,8397,23,0,3
"283","Central Michigan","MAC","West",0,2,6,6,6066,2,0,3
"284","Charlotte","CUSA","East",0,3,2,10,14,0,0,3
"285","Cincinnati","American",NA,1,1,9,3,9960,629,0,3
"286","Clemson","ACC","Atlantic",2,0,10,2,9987,426,426,3
"287","Coastal Carolina","Sun Belt","East",2,0,9,3,9982,291,291,3
"288","Colorado","Pac-12",NA,0,2,3,9,144,0,0,3
"289","Colorado State","MWC","Mountain",0,2,3,9,466,0,0,3
"290","Connecticut","Ind",NA,1,2,4,8,640,0,0,3
"291","Duke","ACC","Coastal",2,0,6,6,7523,1,1,3
"292","East Carolina","American",NA,1,1,7,5,8286,1,0,3
"293","Eastern Michigan","MAC","West",1,1,6,6,5641,3,0,3
"294","Florida","SEC","East",1,1,6,6,7498,1,0,3
"295","Florida Atlantic","CUSA","East",2,1,6,6,5030,1,0,3
"296","Florida International","CUSA","East",1,1,3,9,628,0,0,3
"297","Florida State","ACC","Atlantic",2,0,7,5,7958,0,0,3
"298","Fresno State","MWC","West",1,1,7,5,8715,29,0,3
"299","Georgia","SEC","East",2,0,10,2,10000,1378,1378,3
"300","Georgia Southern","Sun Belt","East",2,0,6,6,7630,0,0,3
"301","Georgia State","Sun Belt","East",0,2,6,6,5773,13,0,3
"302","Georgia Tech","ACC","Coastal",1,1,4,8,827,0,0,3
"303","Hawaii","MWC","West",0,3,4,9,347,0,0,3
"304","Houston","American",NA,1,1,8,4,9874,231,0,3
"305","Illinois","Big Ten","West",2,1,6,6,7195,5,0,3
"306","Indiana","Big Ten","East",2,0,5,7,4394,0,0,3
"307","Iowa","Big Ten","West",1,1,6,6,7657,5,0,3
"308","Iowa State","Big 12",NA,2,0,8,4,9808,42,42,3
"309","James Madison","Sun Belt","East",2,0,5,6,2351,0,0,3
"310","Kansas","Big 12",NA,2,0,5,7,3326,0,0,3
"311","Kansas State","Big 12",NA,2,0,7,5,9321,3,3,3
"312","Kent State","MAC","East",0,2,4,7,1209,0,0,3
"313","Kentucky","SEC","East",2,0,9,3,9996,275,275,3
"314","Liberty","Ind",NA,2,0,8,4,9919,7,7,3
"315","Louisiana","Sun Belt","West",2,0,10,2,9994,750,750,3
"316","Louisiana-Monroe","Sun Belt","West",1,1,4,8,1040,0,0,3
"317","Louisiana State","SEC","West",1,1,6,6,5640,3,0,3
"318","Louisiana Tech","CUSA","West",1,1,5,7,2834,0,0,3
"319","Louisville","ACC","Atlantic",1,1,6,6,6360,2,0,3
"320","Marshall","Sun Belt","East",2,0,8,4,9179,18,18,3
"321","Maryland","Big Ten","East",2,0,7,5,9017,5,5,3
"322","Massachusetts","Ind",NA,0,2,3,9,420,0,0,3
"323","Memphis","American",NA,1,1,8,4,9548,85,0,3
"324","Miami (FL)","ACC","Coastal",2,0,8,4,9375,8,8,3
"325","Miami (OH)","MAC","East",1,1,7,5,8326,10,0,3
"326","Michigan","Big Ten","East",2,0,9,3,9985,250,250,3
"327","Michigan State","Big Ten","East",2,0,8,4,9735,36,36,3
"328","Middle Tennessee State","CUSA","East",1,1,6,6,6927,2,0,3
"329","Minnesota","Big Ten","West",2,0,8,4,9899,49,49,3
"330","Mississippi","SEC","West",2,0,8,4,9759,54,54,3
"331","Mississippi State","SEC","West",2,0,7,5,9284,1,1,3
"332","Missouri","SEC","East",1,1,5,7,4548,0,0,3
"333","Navy","American",NA,0,2,2,10,44,0,0,3
"334","Nebraska","Big Ten","West",1,2,4,8,943,0,0,3
"335","Nevada","MWC","West",2,1,6,6,7311,2,0,3
"336","Nevada-Las Vegas","MWC","West",1,1,5,7,3169,0,0,3
"337","New Mexico","MWC","Mountain",1,1,4,8,1246,0,0,3
"338","New Mexico State","Ind",NA,0,3,3,8,143,0,0,3
"339","North Carolina","ACC","Coastal",3,0,8,4,9646,22,22,3
"340","North Carolina State","ACC","Atlantic",2,0,8,4,9888,58,58,3
"341","North Texas","CUSA","West",2,1,6,6,7541,1,0,3
"342","Northern Illinois","MAC","West",1,1,5,7,4676,0,0,3
"343","Northwestern","Big Ten","West",1,1,4,8,1534,0,0,3
"344","Notre Dame","Ind",NA,0,2,6,6,7551,44,0,3
"345","Ohio","MAC","East",1,1,6,6,5505,0,0,3
"346","Ohio State","Big Ten","East",2,0,10,2,9985,406,406,3
"347","Oklahoma","Big 12",NA,2,0,9,3,9876,139,139,3
"348","Oklahoma State","Big 12",NA,2,0,9,3,9959,117,117,3
"349","Old Dominion","Sun Belt","East",1,1,5,7,3301,0,0,3
"350","Oregon","Pac-12",NA,1,1,7,5,7978,22,0,3
"351","Oregon State","Pac-12",NA,2,0,8,4,9839,45,45,3
"352","Penn State","Big Ten","East",2,0,8,4,9723,28,28,3
"353","Pittsburgh","ACC","Coastal",1,1,8,4,9695,140,0,3
"354","Purdue","Big Ten","West",1,1,6,6,7424,9,0,3
"355","Rice","CUSA","West",1,1,4,8,1908,0,0,3
"356","Rutgers","Big Ten","East",2,0,6,6,6281,0,0,3
"357","San Diego State","MWC","West",1,1,6,6,7624,0,0,3
"358","San Jose State","MWC","West",1,1,5,6,4066,0,0,3
"359","South Alabama","Sun Belt","West",2,0,8,4,9616,3,3,3
"360","South Carolina","SEC","East",1,1,6,6,7644,1,0,3
"361","South Florida","American",NA,1,1,3,9,454,0,0,3
"362","Southern California","Pac-12",NA,2,0,7,5,8935,6,6,3
"363","Southern Methodist","American",NA,2,0,8,4,9555,28,28,3
"364","Southern Mississippi","Sun Belt","West",0,2,3,9,235,0,0,3
"365","Stanford","Pac-12",NA,1,1,3,9,224,0,0,3
"366","Syracuse","ACC","Atlantic",2,0,7,5,9046,3,3,3
"367","Temple","American",NA,1,1,4,8,1585,0,0,3
"368","Tennessee","SEC","East",2,0,8,4,9864,15,15,3
"369","Texas","Big 12",NA,1,1,6,6,5796,2,0,3
"370","Texas-El Paso","CUSA","West",1,2,5,7,3560,0,0,3
"371","Texas-San Antonio","CUSA","West",1,1,7,5,9269,29,0,3
"372","Texas A&M","SEC","West",1,1,7,5,8088,3,0,3
"373","Texas Christian","Big 12",NA,2,0,7,5,7752,0,0,3
"374","Texas State","Sun Belt","West",1,1,5,7,3199,0,0,3
"375","Texas Tech","Big 12",NA,2,0,7,5,8196,1,1,3
"376","Toledo","MAC","West",2,0,7,5,9140,0,0,3
"377","Troy","Sun Belt","West",1,1,5,7,4929,0,0,3
"378","Tulane","American",NA,2,0,6,6,6302,0,0,3
"379","Tulsa","American",NA,1,1,6,6,7233,1,0,3
"380","UCLA","Pac-12",NA,2,0,9,3,9954,146,146,3
"381","Utah","Pac-12",NA,1,1,8,4,9651,116,0,3
"382","Utah State","MWC","Mountain",1,2,6,6,6015,6,0,3
"383","Vanderbilt","SEC","East",2,1,4,8,1787,0,0,3
"384","Virginia","ACC","Coastal",1,1,6,6,5625,1,0,3
"385","Virginia Tech","ACC","Coastal",1,1,6,6,6055,0,0,3
"386","Wake Forest","ACC","Atlantic",2,0,9,3,9954,192,192,3
"387","Washington","Pac-12",NA,2,0,6,6,7211,0,0,3
"388","Washington State","Pac-12",NA,2,0,9,3,9900,135,135,3
"389","West Virginia","Big 12",NA,0,2,4,8,649,0,0,3
"390","Western Kentucky","CUSA","East",2,0,10,3,9908,49,49,3
"391","Western Michigan","MAC","West",1,1,8,4,9396,73,0,3
"392","Wisconsin","Big Ten","West",1,1,7,5,8583,14,0,3
"393","Wyoming","MWC","Mountain",2,1,6,6,7625,5,0,3
"394","Air Force","MWC","Mountain",2,1,8,4,9871,243,0,4
"395","Akron","MAC","East",1,2,4,8,810,0,0,4
"396","Alabama","SEC","West",3,0,10,2,10000,661,661,4
"397","Alabama-Birmingham","CUSA","West",2,1,7,5,9477,21,0,4
"398","Appalachian State","Sun Belt","East",2,1,7,4,9604,231,0,4
"399","Arizona","Pac-12",NA,2,1,5,7,3664,0,0,4
"400","Arizona State","Pac-12",NA,1,2,5,7,3080,1,0,4
"401","Arkansas","SEC","West",3,0,9,3,9895,123,123,4
"402","Arkansas State","Sun Belt","West",1,2,5,7,4307,5,0,4
"403","Army","Ind",NA,1,2,7,5,8975,64,0,4
"404","Auburn","SEC","West",2,1,5,7,4933,0,0,4
"405","Ball State","MAC","West",1,2,5,7,3599,3,0,4
"406","Baylor","Big 12",NA,2,1,7,5,9291,53,0,4
"407","Boise State","MWC","Mountain",2,1,8,4,9682,149,0,4
"408","Boston College","ACC","Atlantic",1,2,4,8,1333,0,0,4
"409","Bowling Green","MAC","East",1,2,4,8,1141,0,0,4
"410","Brigham Young","Ind",NA,2,1,8,4,9806,176,0,4
"411","Buffalo","MAC","East",0,3,3,9,362,1,0,4
"412","California","Pac-12",NA,2,1,7,5,7856,10,0,4
"413","Central Florida","American",NA,2,1,8,4,9480,77,0,4
"414","Central Michigan","MAC","West",1,2,6,6,6528,4,0,4
"415","Charlotte","CUSA","East",1,3,3,9,158,0,0,4
"416","Cincinnati","American",NA,2,1,9,3,9989,813,0,4
"417","Clemson","ACC","Atlantic",3,0,9,3,9995,350,350,4
"418","Coastal Carolina","Sun Belt","East",3,0,9,3,9989,345,345,4
"419","Colorado","Pac-12",NA,0,3,2,10,108,0,0,4
"420","Colorado State","MWC","Mountain",0,3,3,9,348,0,0,4
"421","Connecticut","Ind",NA,1,3,4,8,576,0,0,4
"422","Duke","ACC","Coastal",3,0,6,6,7519,0,0,4
"423","East Carolina","American",NA,2,1,7,5,8534,2,0,4
"424","Eastern Michigan","MAC","West",2,1,7,5,9271,49,0,4
"425","Florida","SEC","East",2,1,6,6,7336,2,0,4
"426","Florida Atlantic","CUSA","East",2,2,5,7,2735,2,0,4
"427","Florida International","CUSA","East",1,1,4,8,743,0,0,4
"428","Florida State","ACC","Atlantic",3,0,8,4,9628,7,7,4
"429","Fresno State","MWC","West",1,2,6,6,7257,39,0,4
"430","Georgia","SEC","East",3,0,11,1,10000,2587,2587,4
"431","Georgia Southern","Sun Belt","East",2,1,6,6,6782,0,0,4
"432","Georgia State","Sun Belt","East",0,3,5,7,2400,8,0,4
"433","Georgia Tech","ACC","Coastal",1,2,3,9,240,0,0,4
"434","Hawaii","MWC","West",1,3,4,9,512,0,0,4
"435","Houston","American",NA,1,2,7,5,8638,62,0,4
"436","Illinois","Big Ten","West",2,1,6,6,7712,7,0,4
"437","Indiana","Big Ten","East",3,0,6,6,5745,0,0,4
"438","Iowa","Big Ten","West",2,1,7,5,8249,8,0,4
"439","Iowa State","Big 12",NA,3,0,8,4,9807,31,31,4
"440","James Madison","Sun Belt","East",2,0,5,6,2760,0,0,4
"441","Kansas","Big 12",NA,3,0,7,5,8015,1,1,4
"442","Kansas State","Big 12",NA,2,1,6,6,5987,0,0,4
"443","Kent State","MAC","East",1,2,5,7,3879,1,0,4
"444","Kentucky","SEC","East",3,0,9,3,10000,253,253,4
"445","Liberty","Ind",NA,2,1,8,4,9921,83,0,4
"446","Louisiana","Sun Belt","West",2,1,8,4,9911,286,0,4
"447","Louisiana-Monroe","Sun Belt","West",1,2,4,8,1153,0,0,4
"448","Louisiana State","SEC","West",2,1,7,5,8178,6,0,4
"449","Louisiana Tech","CUSA","West",1,2,5,7,2499,0,0,4
"450","Louisville","ACC","Atlantic",1,2,5,7,2838,0,0,4
"451","Marshall","Sun Belt","East",2,1,7,5,8009,14,0,4
"452","Maryland","Big Ten","East",3,0,8,4,9655,7,7,4
"453","Massachusetts","Ind",NA,1,2,4,8,734,0,0,4
"454","Memphis","American",NA,2,1,8,4,9755,79,0,4
"455","Miami (FL)","ACC","Coastal",2,1,7,5,8881,20,0,4
"456","Miami (OH)","MAC","East",1,2,7,5,7880,88,0,4
"457","Michigan","Big Ten","East",3,0,9,3,9990,255,255,4
"458","Michigan State","Big Ten","East",2,1,7,5,8285,11,0,4
"459","Middle Tennessee State","CUSA","East",2,1,7,5,8128,1,0,4
"460","Minnesota","Big Ten","West",3,0,9,3,9942,70,70,4
"461","Mississippi","SEC","West",3,0,9,3,9936,85,85,4
"462","Mississippi State","SEC","West",2,1,7,5,8297,1,0,4
"463","Missouri","SEC","East",2,1,5,7,4786,0,0,4
"464","Navy","American",NA,0,2,2,10,46,0,0,4
"465","Nebraska","Big Ten","West",1,3,3,9,296,0,0,4
"466","Nevada","MWC","West",2,2,6,6,6799,20,0,4
"467","Nevada-Las Vegas","MWC","West",2,1,6,6,5766,3,0,4
"468","New Mexico","MWC","Mountain",2,1,5,7,2426,0,0,4
"469","New Mexico State","Ind",NA,0,4,3,8,94,2,0,4
"470","North Carolina","ACC","Coastal",3,0,8,4,9605,18,18,4
"471","North Carolina State","ACC","Atlantic",3,0,9,3,9981,129,129,4
"472","North Texas","CUSA","West",2,2,6,6,5454,0,0,4
"473","Northern Illinois","MAC","West",1,2,5,7,2149,1,0,4
"474","Northwestern","Big Ten","West",1,2,3,9,112,0,0,4
"475","Notre Dame","Ind",NA,1,2,7,5,8458,95,0,4
"476","Ohio","MAC","East",1,2,6,6,5409,6,0,4
"477","Ohio State","Big Ten","East",3,0,10,2,9992,430,430,4
"478","Oklahoma","Big 12",NA,3,0,9,3,9977,307,307,4
"479","Oklahoma State","Big 12",NA,3,0,9,3,9952,99,99,4
"480","Old Dominion","Sun Belt","East",1,2,5,7,2813,0,0,4
"481","Oregon","Pac-12",NA,2,1,8,4,9439,84,0,4
"482","Oregon State","Pac-12",NA,3,0,8,4,9861,52,52,4
"483","Penn State","Big Ten","East",3,0,9,3,9995,322,322,4
"484","Pittsburgh","ACC","Coastal",2,1,9,3,9961,452,0,4
"485","Purdue","Big Ten","West",1,2,6,6,5614,3,0,4
"486","Rice","CUSA","West",2,1,6,6,6681,0,0,4
"487","Rutgers","Big Ten","East",3,0,6,6,7180,0,0,4
"488","San Diego State","MWC","West",1,2,6,6,7074,25,0,4
"489","San Jose State","MWC","West",1,1,5,6,4065,2,0,4
"490","South Alabama","Sun Belt","West",2,1,8,4,9600,54,0,4
"491","South Carolina","SEC","East",1,2,6,6,6031,5,0,4
"492","South Florida","American",NA,1,2,3,9,329,0,0,4
"493","Southern California","Pac-12",NA,3,0,8,4,9661,12,12,4
"494","Southern Methodist","American",NA,2,1,7,5,9112,56,0,4
"495","Southern Mississippi","Sun Belt","West",1,2,4,8,694,0,0,4
"496","Stanford","Pac-12",NA,1,1,3,9,275,0,0,4
"497","Syracuse","ACC","Atlantic",3,0,8,4,9621,5,5,4
"498","Temple","American",NA,1,2,4,8,675,0,0,4
"499","Tennessee","SEC","East",3,0,8,4,9851,18,18,4
"500","Texas","Big 12",NA,2,1,6,6,6457,3,0,4
"501","Texas-El Paso","CUSA","West",1,3,4,8,1591,3,0,4
"502","Texas-San Antonio","CUSA","West",1,2,7,5,9015,128,0,4
"503","Texas A&M","SEC","West",2,1,7,5,8923,12,0,4
"504","Texas Christian","Big 12",NA,2,0,7,5,7744,2,2,4
"505","Texas State","Sun Belt","West",1,2,5,7,3307,1,0,4
"506","Texas Tech","Big 12",NA,2,1,6,6,6727,0,0,4
"507","Toledo","MAC","West",2,1,7,5,8904,15,0,4
"508","Troy","Sun Belt","West",1,2,5,7,4481,2,0,4
"509","Tulane","American",NA,3,0,7,5,9353,9,9,4
"510","Tulsa","American",NA,2,1,6,6,7528,2,0,4
"511","UCLA","Pac-12",NA,3,0,9,3,9968,128,128,4
"512","Utah","Pac-12",NA,2,1,8,4,9814,156,0,4
"513","Utah State","MWC","Mountain",1,2,6,6,5799,10,0,4
"514","Vanderbilt","SEC","East",3,1,5,7,3650,0,0,4
"515","Virginia","ACC","Coastal",2,1,6,6,6312,2,0,4
"516","Virginia Tech","ACC","Coastal",2,1,6,6,6363,0,0,4
"517","Wake Forest","ACC","Atlantic",3,0,9,3,9971,208,208,4
"518","Washington","Pac-12",NA,3,0,8,4,9588,7,7,4
"519","Washington State","Pac-12",NA,3,0,9,3,9920,115,115,4
"520","West Virginia","Big 12",NA,1,2,4,8,795,0,0,4
"521","Western Kentucky","CUSA","East",2,1,9,4,9795,124,0,4
"522","Western Michigan","MAC","West",1,2,7,5,8329,83,0,4
"523","Wisconsin","Big Ten","West",2,1,7,5,8987,26,0,4
"524","Wyoming","MWC","Mountain",3,1,7,5,9144,33,0,4
"525","Air Force","MWC","Mountain",3,1,9,3,9965,506,0,5
"526","Akron","MAC","East",1,3,4,8,657,2,0,5
"527","Alabama","SEC","West",4,0,10,2,10000,698,698,5
"528","Alabama-Birmingham","CUSA","West",2,1,7,5,9400,14,0,5
"529","Appalachian State","Sun Belt","East",2,2,6,5,7397,107,0,5
"530","Arizona","Pac-12",NA,2,2,5,7,2469,0,0,5
"531","Arizona State","Pac-12",NA,1,3,4,8,1348,1,0,5
"532","Arkansas","SEC","West",3,1,8,4,9673,144,0,5
"533","Arkansas State","Sun Belt","West",1,3,5,7,2641,2,0,5
"534","Army","Ind",NA,1,2,7,5,8902,56,0,5
"535","Auburn","SEC","West",3,1,6,6,6251,0,0,5
"536","Ball State","MAC","West",1,3,5,7,2249,6,0,5
"537","Baylor","Big 12",NA,3,1,8,4,9887,267,0,5
"538","Boise State","MWC","Mountain",2,2,6,6,7943,39,0,5
"539","Boston College","ACC","Atlantic",1,3,4,8,615,0,0,5
"540","Bowling Green","MAC","East",1,3,4,8,1008,1,0,5
"541","Brigham Young","Ind",NA,3,1,8,4,9934,317,0,5
"542","Buffalo","MAC","East",1,3,5,7,3068,14,0,5
"543","California","Pac-12",NA,3,1,7,5,8703,14,0,5
"544","Central Florida","American",NA,3,1,8,4,9812,154,0,5
"545","Central Michigan","MAC","West",1,3,6,6,6832,145,0,5
"546","Charlotte","CUSA","East",1,4,3,9,85,0,0,5
"547","Cincinnati","American",NA,3,1,9,3,9997,1310,0,5
"548","Clemson","ACC","Atlantic",4,0,10,2,10000,1229,1229,5
"549","Coastal Carolina","Sun Belt","East",4,0,10,2,10000,1068,1068,5
"550","Colorado","Pac-12",NA,0,4,2,10,17,0,0,5
"551","Colorado State","MWC","Mountain",0,4,2,10,1,0,0,5
"552","Connecticut","Ind",NA,1,4,4,8,604,8,0,5
"553","Duke","ACC","Coastal",3,1,6,6,7765,3,0,5
"554","East Carolina","American",NA,2,2,6,6,5178,5,0,5
"555","Eastern Michigan","MAC","West",2,2,6,6,6067,12,0,5
"556","Florida","SEC","East",2,2,6,6,6591,6,0,5
"557","Florida Atlantic","CUSA","East",2,3,5,7,2145,2,0,5
"558","Florida International","CUSA","East",1,2,3,9,477,0,0,5
"559","Florida State","ACC","Atlantic",4,0,8,4,9925,23,23,5
"560","Fresno State","MWC","West",1,2,6,6,7290,48,0,5
"561","Georgia","SEC","East",4,0,11,1,10000,2523,2523,5
"562","Georgia Southern","Sun Belt","East",3,1,7,5,8272,1,0,5
"563","Georgia State","Sun Belt","East",0,4,4,8,670,2,0,5
"564","Georgia Tech","ACC","Coastal",1,3,3,9,212,0,0,5
"565","Hawaii","MWC","West",1,4,4,9,88,0,0,5
"566","Houston","American",NA,2,2,7,5,9089,130,0,5
"567","Illinois","Big Ten","West",3,1,7,5,7902,9,0,5
"568","Indiana","Big Ten","East",3,1,6,6,5193,1,0,5
"569","Iowa","Big Ten","West",3,1,8,4,9671,36,0,5
"570","Iowa State","Big 12",NA,3,1,7,5,8866,23,0,5
"571","James Madison","Sun Belt","East",3,0,6,5,6996,2,2,5
"572","Kansas","Big 12",NA,4,0,7,5,8827,1,1,5
"573","Kansas State","Big 12",NA,3,1,7,5,9056,20,0,5
"574","Kent State","MAC","East",1,3,5,7,3909,22,0,5
"575","Kentucky","SEC","East",4,0,9,3,9998,265,265,5
"576","Liberty","Ind",NA,3,1,8,4,9950,106,0,5
"577","Louisiana","Sun Belt","West",2,2,7,5,9437,190,0,5
"578","Louisiana-Monroe","Sun Belt","West",2,2,5,7,3040,0,0,5
"579","Louisiana State","SEC","West",3,1,7,5,8222,9,0,5
"580","Louisiana Tech","CUSA","West",1,3,4,8,1382,1,0,5
"581","Louisville","ACC","Atlantic",2,2,5,7,3924,1,0,5
"582","Marshall","Sun Belt","East",2,2,6,6,6203,18,0,5
"583","Maryland","Big Ten","East",3,1,8,4,9636,34,0,5
"584","Massachusetts","Ind",NA,1,3,3,9,261,0,0,5
"585","Memphis","American",NA,3,1,8,4,9863,155,0,5
"586","Miami (FL)","ACC","Coastal",2,2,6,6,5222,1,0,5
"587","Miami (OH)","MAC","East",2,2,8,4,9559,486,0,5
"588","Michigan","Big Ten","East",4,0,10,2,10000,299,299,5
"589","Michigan State","Big Ten","East",2,2,5,7,4898,3,0,5
"590","Middle Tennessee State","CUSA","East",3,1,8,4,9854,165,0,5
"591","Minnesota","Big Ten","West",4,0,10,2,9999,545,545,5
"592","Mississippi","SEC","West",4,0,9,3,9963,101,101,5
"593","Mississippi State","SEC","West",3,1,7,5,8270,0,0,5
"594","Missouri","SEC","East",2,2,5,7,3511,3,0,5
"595","Navy","American",NA,1,2,3,9,389,0,0,5
"596","Nebraska","Big Ten","West",1,3,3,9,295,0,0,5
"597","Nevada","MWC","West",2,3,6,6,5981,94,0,5
"598","Nevada-Las Vegas","MWC","West",3,1,7,5,9026,11,0,5
"599","New Mexico","MWC","Mountain",2,2,5,7,2328,0,0,5
"600","New Mexico State","Ind",NA,1,4,4,7,313,14,0,5
"601","North Carolina","ACC","Coastal",3,1,7,5,8655,11,0,5
"602","North Carolina State","ACC","Atlantic",4,0,9,3,9993,143,143,5
"603","North Texas","CUSA","West",2,3,5,7,5020,4,0,5
"604","Northern Illinois","MAC","West",1,3,5,7,2522,6,0,5
"605","Northwestern","Big Ten","West",1,3,2,10,6,0,0,5
"606","Notre Dame","Ind",NA,2,2,8,4,9725,438,0,5
"607","Ohio","MAC","East",2,2,6,6,6304,10,0,5
"608","Ohio State","Big Ten","East",4,0,10,2,9999,741,741,5
"609","Oklahoma","Big 12",NA,3,1,8,4,9475,90,0,5
"610","Oklahoma State","Big 12",NA,3,0,9,3,9932,78,78,5
"611","Old Dominion","Sun Belt","East",2,2,5,7,3909,0,0,5
"612","Oregon","Pac-12",NA,3,1,9,3,9905,431,0,5
"613","Oregon State","Pac-12",NA,3,1,7,5,9310,30,0,5
"614","Penn State","Big Ten","East",4,0,10,2,10000,357,357,5
"615","Pittsburgh","ACC","Coastal",3,1,9,3,9976,721,0,5
"616","Purdue","Big Ten","West",2,2,6,6,5696,7,0,5
"617","Rice","CUSA","West",2,2,6,6,5990,8,0,5
"618","Rutgers","Big Ten","East",3,1,5,7,4470,0,0,5
"619","San Diego State","MWC","West",2,2,7,5,7960,63,0,5
"620","San Jose State","MWC","West",2,1,6,5,7251,10,0,5
"621","South Alabama","Sun Belt","West",3,1,8,4,9698,89,0,5
"622","South Carolina","SEC","East",2,2,6,6,6006,3,0,5
"623","South Florida","American",NA,1,3,3,9,195,0,0,5
"624","Southern California","Pac-12",NA,4,0,9,3,9979,66,66,5
"625","Southern Methodist","American",NA,2,2,6,6,7301,45,0,5
"626","Southern Mississippi","Sun Belt","West",2,2,5,7,3044,0,0,5
"627","Stanford","Pac-12",NA,1,2,3,9,132,0,0,5
"628","Syracuse","ACC","Atlantic",4,0,8,4,9813,4,4,5
"629","Temple","American",NA,2,2,4,8,1233,0,0,5
"630","Tennessee","SEC","East",4,0,8,4,9973,28,28,5
"631","Texas","Big 12",NA,2,2,5,7,4514,4,0,5
"632","Texas-El Paso","CUSA","West",2,3,6,6,5486,52,0,5
"633","Texas-San Antonio","CUSA","West",2,2,7,5,9038,119,0,5
"634","Texas A&M","SEC","West",3,1,8,4,9769,55,0,5
"635","Texas Christian","Big 12",NA,3,0,8,4,9380,9,9,5
"636","Texas State","Sun Belt","West",2,2,5,7,4175,3,0,5
"637","Texas Tech","Big 12",NA,3,1,6,6,7685,4,0,5
"638","Toledo","MAC","West",2,2,7,5,8541,119,0,5
"639","Troy","Sun Belt","West",2,2,6,6,6489,7,0,5
"640","Tulane","American",NA,3,1,6,6,7289,1,0,5
"641","Tulsa","American",NA,2,2,6,6,7251,30,0,5
"642","UCLA","Pac-12",NA,4,0,9,3,9996,269,269,5
"643","Utah","Pac-12",NA,3,1,9,3,9982,394,0,5
"644","Utah State","MWC","Mountain",1,3,5,7,2223,1,0,5
"645","Vanderbilt","SEC","East",3,2,5,7,3449,0,0,5
"646","Virginia","ACC","Coastal",2,2,6,6,6206,30,0,5
"647","Virginia Tech","ACC","Coastal",2,2,5,7,2902,0,0,5
"648","Wake Forest","ACC","Atlantic",3,1,8,4,9875,135,0,5
"649","Washington","Pac-12",NA,4,0,8,4,9849,7,7,5
"650","Washington State","Pac-12",NA,3,1,8,4,9599,94,0,5
"651","West Virginia","Big 12",NA,2,2,5,7,3077,0,0,5
"652","Western Kentucky","CUSA","East",3,1,9,4,9780,105,0,5
"653","Western Michigan","MAC","West",1,3,6,6,6516,92,0,5
"654","Wisconsin","Big Ten","West",2,2,7,5,8363,101,0,5
"655","Wyoming","MWC","Mountain",3,2,7,5,9297,243,0,5
"656","Air Force","MWC","Mountain",4,1,9,3,9993,714,0,6
"657","Akron","MAC","East",1,4,3,9,104,0,0,6
"658","Alabama","SEC","West",5,0,11,1,10000,1801,1801,6
"659","Alabama-Birmingham","CUSA","West",2,2,7,5,8506,27,0,6
"660","Appalachian State","Sun Belt","East",3,2,7,5,9466,130,0,6
"661","Arizona","Pac-12",NA,3,2,5,7,3578,0,0,6
"662","Arizona State","Pac-12",NA,1,4,4,8,740,11,0,6
"663","Arkansas","SEC","West",3,2,7,5,8696,95,0,6
"664","Arkansas State","Sun Belt","West",2,3,5,7,4557,25,0,6
"665","Army","Ind",NA,1,3,5,7,4756,10,0,6
"666","Auburn","SEC","West",3,2,5,7,3616,0,0,6
"667","Ball State","MAC","West",2,3,5,7,3643,13,0,6
"668","Baylor","Big 12",NA,3,2,7,5,9084,195,0,6
"669","Boise State","MWC","Mountain",3,2,7,5,9472,144,0,6
"670","Boston College","ACC","Atlantic",2,3,4,8,878,0,0,6
"671","Bowling Green","MAC","East",2,3,5,7,2671,5,0,6
"672","Brigham Young","Ind",NA,4,1,9,3,9979,385,0,6
"673","Buffalo","MAC","East",2,3,6,6,5589,61,0,6
"674","California","Pac-12",NA,3,2,6,6,7952,33,0,6
"675","Central Florida","American",NA,3,1,8,4,9808,106,0,6
"676","Central Michigan","MAC","West",1,4,5,7,4657,294,0,6
"677","Charlotte","CUSA","East",1,5,3,9,8,0,0,6
"678","Cincinnati","American",NA,4,1,10,2,10000,2448,0,6
"679","Clemson","ACC","Atlantic",5,0,11,1,10000,1948,1948,6
"680","Coastal Carolina","Sun Belt","East",5,0,10,2,10000,1433,1433,6
"681","Colorado","Pac-12",NA,0,5,1,11,2,0,0,6
"682","Colorado State","MWC","Mountain",0,4,2,10,12,0,0,6
"683","Connecticut","Ind",NA,2,4,5,7,1757,34,0,6
"684","Duke","ACC","Coastal",4,1,7,5,9004,21,0,6
"685","East Carolina","American",NA,3,2,6,6,6843,7,0,6
"686","Eastern Michigan","MAC","West",3,2,6,6,6993,26,0,6
"687","Florida","SEC","East",3,2,6,6,6915,9,0,6
"688","Florida Atlantic","CUSA","East",2,4,4,8,978,6,0,6
"689","Florida International","CUSA","East",2,2,5,7,3352,0,0,6
"690","Florida State","ACC","Atlantic",4,1,7,5,9551,14,0,6
"691","Fresno State","MWC","West",1,3,5,7,4238,29,0,6
"692","Georgia","SEC","East",5,0,11,1,10000,3020,3020,6
"693","Georgia Southern","Sun Belt","East",3,2,6,6,7630,22,0,6
"694","Georgia State","Sun Belt","East",1,4,5,7,3589,127,0,6
"695","Georgia Tech","ACC","Coastal",2,3,5,7,2053,0,0,6
"696","Hawaii","MWC","West",1,4,4,9,93,0,0,6
"697","Houston","American",NA,2,3,6,6,6554,66,0,6
"698","Illinois","Big Ten","West",4,1,8,4,9867,98,0,6
"699","Indiana","Big Ten","East",3,2,5,7,2276,0,0,6
"700","Iowa","Big Ten","West",3,2,7,5,8654,23,0,6
"701","Iowa State","Big 12",NA,3,2,6,6,7959,19,0,6
"702","James Madison","Sun Belt","East",4,0,7,4,8297,6,6,6
"703","Kansas","Big 12",NA,5,0,7,5,9620,3,3,6
"704","Kansas State","Big 12",NA,4,1,7,5,9585,41,0,6
"705","Kent State","MAC","East",2,3,5,7,4884,29,0,6
"706","Kentucky","SEC","East",4,1,9,3,9996,620,0,6
"707","Liberty","Ind",NA,4,1,9,3,9996,372,0,6
"708","Louisiana","Sun Belt","West",2,3,6,6,7595,168,0,6
"709","Louisiana-Monroe","Sun Belt","West",2,3,4,8,972,0,0,6
"710","Louisiana State","SEC","West",4,1,8,4,9639,32,0,6
"711","Louisiana Tech","CUSA","West",1,3,4,8,1288,0,0,6
"712","Louisville","ACC","Atlantic",2,3,5,7,2440,2,0,6
"713","Marshall","Sun Belt","East",3,2,6,6,6586,38,0,6
"714","Maryland","Big Ten","East",4,1,8,4,9919,128,0,6
"715","Massachusetts","Ind",NA,1,4,3,9,91,0,0,6
"716","Memphis","American",NA,4,1,8,4,9948,195,0,6
"717","Miami (FL)","ACC","Coastal",2,2,6,6,5585,8,0,6
"718","Miami (OH)","MAC","East",2,3,7,5,8621,605,0,6
"719","Michigan","Big Ten","East",5,0,10,2,10000,1205,1205,6
"720","Michigan State","Big Ten","East",2,3,5,7,3083,1,0,6
"721","Middle Tennessee State","CUSA","East",3,2,7,5,9144,102,0,6
"722","Minnesota","Big Ten","West",4,1,8,4,9984,245,0,6
"723","Mississippi","SEC","West",5,0,9,3,9992,258,258,6
"724","Mississippi State","SEC","West",4,1,7,5,9795,11,0,6
"725","Missouri","SEC","East",2,3,5,7,3107,3,0,6
"726","Navy","American",NA,1,3,3,9,336,0,0,6
"727","Nebraska","Big Ten","West",2,3,4,8,884,3,0,6
"728","Nevada","MWC","West",2,3,6,6,5952,43,0,6
"729","Nevada-Las Vegas","MWC","West",4,1,7,5,9489,20,0,6
"730","New Mexico","MWC","Mountain",2,3,5,7,2454,5,0,6
"731","New Mexico State","Ind",NA,1,5,3,8,3,3,0,6
"732","North Carolina","ACC","Coastal",4,1,7,5,9466,34,0,6
"733","North Carolina State","ACC","Atlantic",4,1,9,3,9983,544,0,6
"734","North Texas","CUSA","West",3,3,6,6,6472,10,0,6
"735","Northern Illinois","MAC","West",1,4,4,8,1330,14,0,6
"736","Northwestern","Big Ten","West",1,4,2,10,1,0,0,6
"737","Notre Dame","Ind",NA,2,2,8,4,9712,339,0,6
"738","Ohio","MAC","East",2,3,5,7,4749,10,0,6
"739","Ohio State","Big Ten","East",5,0,10,2,10000,852,852,6
"740","Oklahoma","Big 12",NA,3,2,7,5,8259,86,0,6
"741","Oklahoma State","Big 12",NA,4,0,10,2,9999,577,577,6
"742","Old Dominion","Sun Belt","East",2,3,4,8,1331,0,0,6
"743","Oregon","Pac-12",NA,4,1,9,3,9955,569,0,6
"744","Oregon State","Pac-12",NA,3,2,7,5,9112,141,0,6
"745","Penn State","Big Ten","East",5,0,10,2,10000,349,349,6
"746","Pittsburgh","ACC","Coastal",3,2,8,4,9609,360,0,6
"747","Purdue","Big Ten","West",3,2,7,5,9416,156,0,6
"748","Rice","CUSA","West",3,2,7,5,8224,39,0,6
"749","Rutgers","Big Ten","East",3,2,5,7,4057,1,0,6
"750","San Diego State","MWC","West",2,3,6,6,6070,83,0,6
"751","San Jose State","MWC","West",3,1,8,3,9704,305,0,6
"752","South Alabama","Sun Belt","West",4,1,9,3,9986,586,0,6
"753","South Carolina","SEC","East",3,2,6,6,6411,7,0,6
"754","South Florida","American",NA,1,4,3,9,31,0,0,6
"755","Southern California","Pac-12",NA,5,0,9,3,9996,60,60,6
"756","Southern Methodist","American",NA,2,2,6,6,7358,39,0,6
"757","Southern Mississippi","Sun Belt","West",2,2,5,7,2792,0,0,6
"758","Stanford","Pac-12",NA,1,3,3,9,87,0,0,6
"759","Syracuse","ACC","Atlantic",5,0,8,4,9882,6,6,6
"760","Temple","American",NA,2,3,4,8,949,0,0,6
"761","Tennessee","SEC","East",4,0,8,4,9949,18,18,6
"762","Texas","Big 12",NA,3,2,6,6,6421,3,0,6
"763","Texas-El Paso","CUSA","West",3,3,6,6,7635,88,0,6
"764","Texas-San Antonio","CUSA","West",3,2,8,4,9910,822,0,6
"765","Texas A&M","SEC","West",3,2,7,5,9152,44,0,6
"766","Texas Christian","Big 12",NA,4,0,9,3,9941,81,81,6
"767","Texas State","Sun Belt","West",2,3,5,7,2009,3,0,6
"768","Texas Tech","Big 12",NA,3,2,6,6,7011,1,0,6
"769","Toledo","MAC","West",3,2,7,5,9463,225,0,6
"770","Troy","Sun Belt","West",3,2,7,5,9574,136,0,6
"771","Tulane","American",NA,4,1,7,5,9430,26,0,6
"772","Tulsa","American",NA,2,3,6,6,5739,53,0,6
"773","UCLA","Pac-12",NA,5,0,10,2,10000,415,415,6
"774","Utah","Pac-12",NA,4,1,9,3,9995,503,0,6
"775","Utah State","MWC","Mountain",1,4,4,8,1778,29,0,6
"776","Vanderbilt","SEC","East",3,2,5,7,3418,0,0,6
"777","Virginia","ACC","Coastal",2,3,5,7,4039,33,0,6
"778","Virginia Tech","ACC","Coastal",2,3,4,8,1524,2,0,6
"779","Wake Forest","ACC","Atlantic",4,1,9,3,9996,725,0,6
"780","Washington","Pac-12",NA,4,1,8,4,9772,23,0,6
"781","Washington State","Pac-12",NA,4,1,8,4,9900,173,0,6
"782","West Virginia","Big 12",NA,2,3,4,8,1636,1,0,6
"783","Western Kentucky","CUSA","East",3,2,8,5,8593,54,0,6
"784","Western Michigan","MAC","West",2,3,6,6,7289,153,0,6
"785","Wisconsin","Big Ten","West",2,3,5,7,3849,19,0,6
"786","Wyoming","MWC","Mountain",3,3,6,6,6724,100,0,6
"787","Air Force","MWC","Mountain",4,2,8,4,9960,762,0,7
"788","Akron","MAC","East",1,5,2,10,17,0,0,7
"789","Alabama","SEC","West",6,0,11,1,10000,1618,1618,7
"790","Alabama-Birmingham","CUSA","West",3,2,7,5,9302,59,0,7
"791","Appalachian State","Sun Belt","East",3,3,6,6,7809,73,0,7
"792","Arizona","Pac-12",NA,3,3,5,7,1744,1,0,7
"793","Arizona State","Pac-12",NA,2,4,5,7,2059,42,0,7
"794","Arkansas","SEC","West",3,3,6,6,7681,245,0,7
"795","Arkansas State","Sun Belt","West",2,4,4,8,1014,4,0,7
"796","Army","Ind",NA,1,4,5,7,3900,144,0,7
"797","Auburn","SEC","West",3,3,5,7,3479,0,0,7
"798","Ball State","MAC","West",3,3,6,6,6017,43,0,7
"799","Baylor","Big 12",NA,3,2,7,5,9056,199,0,7
"800","Boise State","MWC","Mountain",4,2,8,4,9811,347,0,7
"801","Boston College","ACC","Atlantic",2,4,4,8,280,0,0,7
"802","Bowling Green","MAC","East",2,4,4,8,478,1,0,7
"803","Brigham Young","Ind",NA,4,2,8,4,9933,545,0,7
"804","Buffalo","MAC","East",3,3,7,5,8785,444,0,7
"805","California","Pac-12",NA,3,2,6,6,7736,29,0,7
"806","Central Florida","American",NA,4,1,8,4,9957,247,0,7
"807","Central Michigan","MAC","West",1,5,5,7,2019,286,0,7
"808","Charlotte","CUSA","East",1,5,3,9,16,0,0,7
"809","Cincinnati","American",NA,5,1,10,2,10000,2426,0,7
"810","Clemson","ACC","Atlantic",6,0,11,1,10000,2289,2289,7
"811","Coastal Carolina","Sun Belt","East",6,0,11,1,10000,2142,2142,7
"812","Colorado","Pac-12",NA,0,5,1,11,1,0,0,7
"813","Colorado State","MWC","Mountain",1,4,3,9,89,0,0,7
"814","Connecticut","Ind",NA,3,4,5,7,4178,134,0,7
"815","Duke","ACC","Coastal",4,2,6,6,8152,25,0,7
"816","East Carolina","American",NA,3,3,5,7,4648,7,0,7
"817","Eastern Michigan","MAC","West",4,2,8,4,9757,358,0,7
"818","Florida","SEC","East",4,2,7,5,8260,18,0,7
"819","Florida Atlantic","CUSA","East",2,4,4,8,1188,12,0,7
"820","Florida International","CUSA","East",2,3,4,8,960,0,0,7
"821","Florida State","ACC","Atlantic",4,2,7,5,9314,99,0,7
"822","Fresno State","MWC","West",1,4,5,7,3020,87,0,7
"823","Georgia","SEC","East",6,0,11,1,10000,3270,3270,7
"824","Georgia Southern","Sun Belt","East",3,3,6,6,6706,81,0,7
"825","Georgia State","Sun Belt","East",2,4,5,7,4909,238,0,7
"826","Georgia Tech","ACC","Coastal",3,3,5,7,3785,1,0,7
"827","Hawaii","MWC","West",1,5,3,10,42,3,0,7
"828","Houston","American",NA,3,3,7,5,9193,446,0,7
"829","Illinois","Big Ten","West",5,1,9,3,9976,173,0,7
"830","Indiana","Big Ten","East",3,3,4,8,1582,2,0,7
"831","Iowa","Big Ten","West",3,3,6,6,7502,28,0,7
"832","Iowa State","Big 12",NA,3,3,6,6,5940,8,0,7
"833","James Madison","Sun Belt","East",5,0,8,3,9824,36,36,7
"834","Kansas","Big 12",NA,5,1,7,5,8553,0,0,7
"835","Kansas State","Big 12",NA,5,1,8,4,9932,86,0,7
"836","Kent State","MAC","East",2,4,5,7,3294,61,0,7
"837","Kentucky","SEC","East",4,2,8,4,9800,195,0,7
"838","Liberty","Ind",NA,5,1,9,3,10000,619,0,7
"839","Louisiana","Sun Belt","West",2,3,6,6,7513,150,0,7
"840","Louisiana-Monroe","Sun Belt","West",2,4,4,8,320,1,0,7
"841","Louisiana State","SEC","West",4,2,6,6,7802,10,0,7
"842","Louisiana Tech","CUSA","West",2,3,5,7,3393,13,0,7
"843","Louisville","ACC","Atlantic",3,3,6,6,5437,6,0,7
"844","Marshall","Sun Belt","East",3,2,6,6,6631,14,0,7
"845","Maryland","Big Ten","East",4,2,7,5,9691,98,0,7
"846","Massachusetts","Ind",NA,1,5,3,9,16,0,0,7
"847","Memphis","American",NA,4,2,7,5,9811,214,0,7
"848","Miami (FL)","ACC","Coastal",2,3,5,7,3047,7,0,7
"849","Miami (OH)","MAC","East",3,3,7,5,9580,1436,0,7
"850","Michigan","Big Ten","East",6,0,11,1,10000,1518,1518,7
"851","Michigan State","Big Ten","East",2,4,5,7,1224,2,0,7
"852","Middle Tennessee State","CUSA","East",3,3,7,5,8578,348,0,7
"853","Minnesota","Big Ten","West",4,1,8,4,9971,186,0,7
"854","Mississippi","SEC","West",6,0,10,2,10000,656,656,7
"855","Mississippi State","SEC","West",5,1,8,4,9999,22,0,7
"856","Missouri","SEC","East",2,4,5,7,2173,5,0,7
"857","Navy","American",NA,2,3,4,8,1329,0,0,7
"858","Nebraska","Big Ten","West",3,3,5,7,2089,0,0,7
"859","Nevada","MWC","West",2,4,5,7,1986,30,0,7
"860","Nevada-Las Vegas","MWC","West",4,2,7,5,9097,32,0,7
"861","New Mexico","MWC","Mountain",2,4,4,8,474,4,0,7
"862","New Mexico State","Ind",NA,1,5,3,8,3,3,0,7
"863","North Carolina","ACC","Coastal",5,1,8,4,9941,141,0,7
"864","North Carolina State","ACC","Atlantic",5,1,9,3,9997,524,0,7
"865","North Texas","CUSA","West",3,3,6,6,6400,12,0,7
"866","Northern Illinois","MAC","West",1,5,3,9,215,17,0,7
"867","Northwestern","Big Ten","West",1,5,1,11,0,0,0,7
"868","Notre Dame","Ind",NA,3,2,8,4,9950,754,0,7
"869","Ohio","MAC","East",3,3,6,6,6064,37,0,7
"870","Ohio State","Big Ten","East",6,0,11,1,10000,1730,1730,7
"871","Oklahoma","Big 12",NA,3,3,6,6,4936,39,0,7
"872","Oklahoma State","Big 12",NA,5,0,10,2,10000,719,719,7
"873","Old Dominion","Sun Belt","East",2,3,4,8,1321,0,0,7
"874","Oregon","Pac-12",NA,5,1,9,3,9997,1094,0,7
"875","Oregon State","Pac-12",NA,4,2,8,4,9749,293,0,7
"876","Penn State","Big Ten","East",5,0,10,2,9999,338,338,7
"877","Pittsburgh","ACC","Coastal",4,2,8,4,9782,427,0,7
"878","Purdue","Big Ten","West",4,2,8,4,9950,608,0,7
"879","Rice","CUSA","West",3,2,7,5,8043,34,0,7
"880","Rutgers","Big Ten","East",3,3,5,7,1509,0,0,7
"881","San Diego State","MWC","West",3,3,6,6,7391,208,0,7
"882","San Jose State","MWC","West",4,1,8,3,9969,698,0,7
"883","South Alabama","Sun Belt","West",4,1,9,3,9983,714,0,7
"884","South Carolina","SEC","East",4,2,7,5,9452,100,0,7
"885","South Florida","American",NA,1,5,3,9,37,2,0,7
"886","Southern California","Pac-12",NA,6,0,10,2,10000,180,180,7
"887","Southern Methodist","American",NA,2,3,6,6,5831,94,0,7
"888","Southern Mississippi","Sun Belt","West",2,3,4,8,1823,1,0,7
"889","Stanford","Pac-12",NA,1,4,2,10,7,0,0,7
"890","Syracuse","ACC","Atlantic",5,0,8,4,9865,6,6,7
"891","Temple","American",NA,2,3,4,8,981,0,0,7
"892","Tennessee","SEC","East",5,0,10,2,10000,169,169,7
"893","Texas","Big 12",NA,4,2,7,5,9322,74,0,7
"894","Texas-El Paso","CUSA","West",3,4,6,6,5702,91,0,7
"895","Texas-San Antonio","CUSA","West",4,2,8,4,9986,1239,0,7
"896","Texas A&M","SEC","West",3,3,7,5,9004,379,0,7
"897","Texas Christian","Big 12",NA,5,0,9,3,9997,231,231,7
"898","Texas State","Sun Belt","West",3,3,6,6,5863,27,0,7
"899","Texas Tech","Big 12",NA,3,3,6,6,7037,63,0,7
"900","Toledo","MAC","West",4,2,8,4,9939,667,0,7
"901","Troy","Sun Belt","West",4,2,8,4,9831,256,0,7
"902","Tulane","American",NA,5,1,8,4,9931,76,0,7
"903","Tulsa","American",NA,2,4,5,7,2258,22,0,7
"904","UCLA","Pac-12",NA,6,0,10,2,10000,913,913,7
"905","Utah","Pac-12",NA,4,2,8,4,9987,776,0,7
"906","Utah State","MWC","Mountain",2,4,5,7,3789,101,0,7
"907","Vanderbilt","SEC","East",3,3,5,7,1619,1,0,7
"908","Virginia","ACC","Coastal",2,4,4,8,1080,13,0,7
"909","Virginia Tech","ACC","Coastal",2,4,4,8,1221,6,0,7
"910","Wake Forest","ACC","Atlantic",5,1,9,3,9996,740,0,7
"911","Washington","Pac-12",NA,4,2,7,5,9398,30,0,7
"912","Washington State","Pac-12",NA,4,2,8,4,9787,430,0,7
"913","West Virginia","Big 12",NA,2,3,4,8,1846,2,0,7
"914","Western Kentucky","CUSA","East",3,3,7,6,7869,158,0,7
"915","Western Michigan","MAC","West",2,4,5,7,2743,50,0,7
"916","Wisconsin","Big Ten","West",3,3,6,6,6276,115,0,7
"917","Wyoming","MWC","Mountain",4,3,7,5,8820,473,0,7
"918","Air Force","MWC","Mountain",5,2,9,3,10000,2846,0,8
"919","Akron","MAC","East",1,6,2,10,0,0,0,8
"920","Alabama","SEC","West",6,1,10,2,10000,2461,0,8
"921","Alabama-Birmingham","CUSA","West",4,2,7,5,9285,43,0,8
"922","Appalachian State","Sun Belt","East",3,3,6,6,7539,102,0,8
"923","Arizona","Pac-12",NA,3,4,4,8,1114,4,0,8
"924","Arizona State","Pac-12",NA,2,4,4,8,1835,36,0,8
"925","Arkansas","SEC","West",4,3,7,5,9639,1155,0,8
"926","Arkansas State","Sun Belt","West",2,5,4,8,348,21,0,8
"927","Army","Ind",NA,2,4,5,7,4583,166,0,8
"928","Auburn","SEC","West",3,4,5,7,2650,9,0,8
"929","Ball State","MAC","West",4,3,6,6,8021,76,0,8
"930","Baylor","Big 12",NA,3,3,6,6,7506,143,0,8
"931","Boise State","MWC","Mountain",4,2,8,4,9867,355,0,8
"932","Boston College","ACC","Atlantic",2,4,4,8,319,0,0,8
"933","Bowling Green","MAC","East",3,4,5,7,1501,5,0,8
"934","Brigham Young","Ind",NA,4,3,7,5,9473,393,0,8
"935","Buffalo","MAC","East",4,3,7,5,9617,718,0,8
"936","California","Pac-12",NA,3,3,5,7,4298,6,0,8
"937","Central Florida","American",NA,5,1,9,3,9977,317,0,8
"938","Central Michigan","MAC","West",2,5,5,7,3365,622,0,8
"939","Charlotte","CUSA","East",1,6,3,9,7,7,0,8
"940","Cincinnati","American",NA,5,1,10,2,10000,2254,0,8
"941","Clemson","ACC","Atlantic",7,0,11,1,10000,3517,3517,8
"942","Coastal Carolina","Sun Belt","East",6,1,9,3,10000,1164,0,8
"943","Colorado","Pac-12",NA,1,5,2,10,6,0,0,8
"944","Colorado State","MWC","Mountain",1,5,3,9,9,0,0,8
"945","Connecticut","Ind",NA,3,5,5,7,2368,296,0,8
"946","Duke","ACC","Coastal",4,3,6,6,6101,26,0,8
"947","East Carolina","American",NA,4,3,6,6,6839,28,0,8
"948","Eastern Michigan","MAC","West",4,3,6,6,7058,92,0,8
"949","Florida","SEC","East",4,3,6,6,4998,8,0,8
"950","Florida Atlantic","CUSA","East",3,4,5,7,2639,53,0,8
"951","Florida International","CUSA","East",2,4,4,8,607,3,0,8
"952","Florida State","ACC","Atlantic",4,3,7,5,8852,206,0,8
"953","Fresno State","MWC","West",2,4,6,6,6341,577,0,8
"954","Georgia","SEC","East",7,0,11,1,10000,3376,3376,8
"955","Georgia Southern","Sun Belt","East",4,3,6,6,8372,133,0,8
"956","Georgia State","Sun Belt","East",2,4,5,7,5006,274,0,8
"957","Georgia Tech","ACC","Coastal",3,3,5,7,3856,1,0,8
"958","Hawaii","MWC","West",2,5,4,9,202,9,0,8
"959","Houston","American",NA,3,3,7,5,9184,412,0,8
"960","Illinois","Big Ten","West",6,1,9,3,10000,434,0,8
"961","Indiana","Big Ten","East",3,4,4,8,472,2,0,8
"962","Iowa","Big Ten","West",3,3,6,6,7806,26,0,8
"963","Iowa State","Big 12",NA,3,4,5,7,4573,48,0,8
"964","James Madison","Sun Belt","East",5,1,7,4,9681,72,0,8
"965","Kansas","Big 12",NA,5,2,6,6,7722,4,0,8
"966","Kansas State","Big 12",NA,5,1,8,4,9943,103,0,8
"967","Kent State","MAC","East",2,5,5,7,2262,286,0,8
"968","Kentucky","SEC","East",5,2,8,4,9990,390,0,8
"969","Liberty","Ind",NA,6,1,9,3,10000,558,0,8
"970","Louisiana","Sun Belt","West",3,3,7,5,9360,668,0,8
"971","Louisiana-Monroe","Sun Belt","West",2,5,4,8,165,11,0,8
"972","Louisiana State","SEC","West",5,2,7,5,9854,119,0,8
"973","Louisiana Tech","CUSA","West",2,4,5,7,2257,20,0,8
"974","Louisville","ACC","Atlantic",3,3,6,6,5706,9,0,8
"975","Marshall","Sun Belt","East",3,3,5,7,3718,16,0,8
"976","Maryland","Big Ten","East",5,2,8,4,9992,281,0,8
"977","Massachusetts","Ind",NA,1,6,2,10,0,0,0,8
"978","Memphis","American",NA,4,3,7,5,9546,353,0,8
"979","Miami (FL)","ACC","Coastal",3,3,6,6,6246,19,0,8
"980","Miami (OH)","MAC","East",3,4,6,6,8159,1058,0,8
"981","Michigan","Big Ten","East",7,0,11,1,10000,2066,2066,8
"982","Michigan State","Big Ten","East",3,4,5,7,2239,6,0,8
"983","Middle Tennessee State","CUSA","East",3,4,6,6,6453,397,0,8
"984","Minnesota","Big Ten","West",4,2,8,4,9901,377,0,8
"985","Mississippi","SEC","West",7,0,10,2,10000,577,577,8
"986","Mississippi State","SEC","West",5,2,7,5,9993,41,0,8
"987","Missouri","SEC","East",2,4,5,7,1744,6,0,8
"988","Navy","American",NA,2,4,4,8,638,0,0,8
"989","Nebraska","Big Ten","West",3,4,5,7,1621,5,0,8
"990","Nevada","MWC","West",2,5,4,8,388,24,0,8
"991","Nevada-Las Vegas","MWC","West",4,3,6,6,6984,7,0,8
"992","New Mexico","MWC","Mountain",2,5,3,9,46,2,0,8
"993","New Mexico State","Ind",NA,2,5,3,8,16,16,0,8
"994","North Carolina","ACC","Coastal",6,1,9,3,10000,419,0,8
"995","North Carolina State","ACC","Atlantic",5,2,8,4,9991,668,0,8
"996","North Texas","CUSA","West",4,3,6,6,8060,19,0,8
"997","Northern Illinois","MAC","West",2,5,5,7,2693,424,0,8
"998","Northwestern","Big Ten","West",1,5,1,11,0,0,0,8
"999","Notre Dame","Ind",NA,3,3,7,5,9430,435,0,8
"1000","Ohio","MAC","East",4,3,7,5,9060,311,0,8
"1001","Ohio State","Big Ten","East",6,0,11,1,10000,1773,1773,8
"1002","Oklahoma","Big 12",NA,4,3,6,6,6696,93,0,8
"1003","Oklahoma State","Big 12",NA,5,1,9,3,10000,1313,0,8
"1004","Old Dominion","Sun Belt","East",3,3,6,6,6910,53,0,8
"1005","Oregon","Pac-12",NA,5,1,9,3,9999,1026,0,8
"1006","Oregon State","Pac-12",NA,5,2,8,4,9985,808,0,8
"1007","Penn State","Big Ten","East",5,1,9,3,9998,1416,0,8
"1008","Pittsburgh","ACC","Coastal",4,2,8,4,9721,338,0,8
"1009","Purdue","Big Ten","West",5,2,8,4,9993,723,0,8
"1010","Rice","CUSA","West",3,3,6,6,6136,35,0,8
"1011","Rutgers","Big Ten","East",3,3,5,7,1498,0,0,8
"1012","San Diego State","MWC","West",3,3,6,6,7713,235,0,8
"1013","San Jose State","MWC","West",4,2,7,4,9856,853,0,8
"1014","South Alabama","Sun Belt","West",5,1,9,3,9992,769,0,8
"1015","South Carolina","SEC","East",4,2,7,5,9456,111,0,8
"1016","South Florida","American",NA,1,6,2,10,0,0,0,8
"1017","Southern California","Pac-12",NA,6,1,9,3,10000,805,0,8
"1018","Southern Methodist","American",NA,3,3,6,6,7143,148,0,8
"1019","Southern Mississippi","Sun Belt","West",3,3,5,7,2597,2,0,8
"1020","Stanford","Pac-12",NA,2,4,4,8,382,1,0,8
"1021","Syracuse","ACC","Atlantic",6,0,9,3,10000,27,27,8
"1022","Temple","American",NA,2,4,4,8,742,3,0,8
"1023","Tennessee","SEC","East",6,0,10,2,10000,458,458,8
"1024","Texas","Big 12",NA,5,2,7,5,9769,163,0,8
"1025","Texas-El Paso","CUSA","West",3,4,6,6,5988,111,0,8
"1026","Texas-San Antonio","CUSA","West",5,2,9,3,9998,1662,0,8
"1027","Texas A&M","SEC","West",3,3,7,5,8977,387,0,8
"1028","Texas Christian","Big 12",NA,6,0,10,2,10000,581,581,8
"1029","Texas State","Sun Belt","West",3,4,5,7,4776,107,0,8
"1030","Texas Tech","Big 12",NA,3,3,6,6,7176,51,0,8
"1031","Toledo","MAC","West",5,2,8,4,9994,1270,0,8
"1032","Troy","Sun Belt","West",5,2,8,4,9971,265,0,8
"1033","Tulane","American",NA,6,1,9,3,10000,158,0,8
"1034","Tulsa","American",NA,2,4,5,7,2180,30,0,8
"1035","UCLA","Pac-12",NA,6,0,10,2,10000,932,932,8
"1036","Utah","Pac-12",NA,5,2,9,3,9998,1196,0,8
"1037","Utah State","MWC","Mountain",3,4,6,6,5478,214,0,8
"1038","Vanderbilt","SEC","East",3,4,5,7,1445,6,0,8
"1039","Virginia","ACC","Coastal",2,4,4,8,1204,22,0,8
"1040","Virginia Tech","ACC","Coastal",2,5,4,8,166,2,0,8
"1041","Wake Forest","ACC","Atlantic",5,1,9,3,9998,885,0,8
"1042","Washington","Pac-12",NA,5,2,7,5,9775,64,0,8
"1043","Washington State","Pac-12",NA,4,3,7,5,9317,817,0,8
"1044","West Virginia","Big 12",NA,3,3,5,7,3715,7,0,8
"1045","Western Kentucky","CUSA","East",4,3,8,5,9570,643,0,8
"1046","Western Michigan","MAC","West",2,5,4,8,222,8,0,8
"1047","Wisconsin","Big Ten","West",3,4,5,7,4280,170,0,8
"1048","Wyoming","MWC","Mountain",4,3,7,5,8590,330,0,8
"1049","Air Force","MWC","Mountain",5,3,8,4,9997,2437,0,9
"1050","Akron","MAC","East",1,7,2,10,0,2,0,9
"1051","Alabama","SEC","West",7,1,10,2,10000,3087,0,9
"1052","Alabama-Birmingham","CUSA","West",4,3,7,5,8961,99,0,9
"1053","Appalachian State","Sun Belt","East",4,3,7,5,9270,232,0,9
"1054","Arizona","Pac-12",NA,3,4,4,8,1199,5,0,9
"1055","Arizona State","Pac-12",NA,2,5,4,8,751,77,0,9
"1056","Arkansas","SEC","West",4,3,7,5,9492,1116,0,9
"1057","Arkansas State","Sun Belt","West",2,6,4,8,278,278,0,9
"1058","Army","Ind",NA,3,4,6,6,5813,240,0,9
"1059","Auburn","SEC","West",3,4,5,7,2792,12,0,9
"1060","Ball State","MAC","West",4,4,5,7,4166,87,0,9
"1061","Baylor","Big 12",NA,4,3,6,6,8122,211,0,9
"1062","Boise State","MWC","Mountain",5,2,9,3,10000,2241,0,9
"1063","Boston College","ACC","Atlantic",2,5,4,8,193,7,0,9
"1064","Bowling Green","MAC","East",4,4,6,6,6227,119,0,9
"1065","Brigham Young","Ind",NA,4,4,6,6,8458,668,0,9
"1066","Buffalo","MAC","East",5,3,8,4,9980,1891,0,9
"1067","California","Pac-12",NA,3,4,5,7,1269,13,0,9
"1068","Central Florida","American",NA,5,2,8,4,9921,265,0,9
"1069","Central Michigan","MAC","West",2,6,4,8,219,219,0,9
"1070","Charlotte","CUSA","East",1,7,2,10,0,0,0,9
"1071","Cincinnati","American",NA,6,1,10,2,10000,4241,0,9
"1072","Clemson","ACC","Atlantic",8,0,11,1,10000,4084,4084,9
"1073","Coastal Carolina","Sun Belt","East",6,1,9,3,10000,883,0,9
"1074","Colorado","Pac-12",NA,1,6,2,10,1,1,0,9
"1075","Colorado State","MWC","Mountain",2,5,3,9,21,1,0,9
"1076","Connecticut","Ind",NA,3,5,5,7,2142,246,0,9
"1077","Duke","ACC","Coastal",5,3,7,5,9673,378,0,9
"1078","East Carolina","American",NA,5,3,7,5,9460,189,0,9
"1079","Eastern Michigan","MAC","West",5,3,7,5,9689,810,0,9
"1080","Florida","SEC","East",4,3,6,6,5006,14,0,9
"1081","Florida Atlantic","CUSA","East",3,5,4,8,1203,124,0,9
"1082","Florida International","CUSA","East",3,4,5,7,3019,28,0,9
"1083","Florida State","ACC","Atlantic",4,3,7,5,9163,302,0,9
"1084","Fresno State","MWC","West",3,4,6,6,8234,1303,0,9
"1085","Georgia","SEC","East",7,0,11,1,10000,3475,3475,9
"1086","Georgia Southern","Sun Belt","East",5,3,7,5,9786,647,0,9
"1087","Georgia State","Sun Belt","East",2,5,5,7,2443,393,0,9
"1088","Georgia Tech","ACC","Coastal",3,4,4,8,734,1,0,9
"1089","Hawaii","MWC","West",2,6,4,9,7,7,0,9
"1090","Houston","American",NA,4,3,7,5,9918,1039,0,9
"1091","Illinois","Big Ten","West",6,1,9,3,10000,432,0,9
"1092","Indiana","Big Ten","East",3,5,4,8,112,1,0,9
"1093","Iowa","Big Ten","West",3,4,6,6,7378,409,0,9
"1094","Iowa State","Big 12",NA,3,4,5,7,4501,38,0,9
"1095","James Madison","Sun Belt","East",5,2,6,5,8100,29,0,9
"1096","Kansas","Big 12",NA,5,3,6,6,6913,19,0,9
"1097","Kansas State","Big 12",NA,5,2,8,4,9917,413,0,9
"1098","Kent State","MAC","East",3,5,5,7,2123,210,0,9
"1099","Kentucky","SEC","East",5,2,8,4,9976,388,0,9
"1100","Liberty","Ind",NA,7,1,10,2,10000,1118,0,9
"1101","Louisiana","Sun Belt","West",4,3,7,5,9427,711,0,9
"1102","Louisiana-Monroe","Sun Belt","West",2,6,3,9,35,35,0,9
"1103","Louisiana State","SEC","West",6,2,8,4,10000,591,0,9
"1104","Louisiana Tech","CUSA","West",2,5,4,8,644,35,0,9
"1105","Louisville","ACC","Atlantic",4,3,6,6,8563,37,0,9
"1106","Marshall","Sun Belt","East",4,3,6,6,7970,183,0,9
"1107","Maryland","Big Ten","East",6,2,8,4,10000,209,0,9
"1108","Massachusetts","Ind",NA,1,6,2,10,0,0,0,9
"1109","Memphis","American",NA,4,4,7,5,9170,1266,0,9
"1110","Miami (FL)","ACC","Coastal",3,4,5,7,1860,5,0,9
"1111","Miami (OH)","MAC","East",3,5,5,7,4121,865,0,9
"1112","Michigan","Big Ten","East",7,0,11,1,10000,1910,1910,9
"1113","Michigan State","Big Ten","East",3,4,5,7,2188,3,0,9
"1114","Middle Tennessee State","CUSA","East",3,4,6,6,6184,344,0,9
"1115","Minnesota","Big Ten","West",4,3,7,5,9804,1012,0,9
"1116","Mississippi","SEC","West",7,1,9,3,10000,570,0,9
"1117","Mississippi State","SEC","West",5,3,7,5,9988,509,0,9
"1118","Missouri","SEC","East",3,4,5,7,2340,14,0,9
"1119","Navy","American",NA,2,5,3,9,53,2,0,9
"1120","Nebraska","Big Ten","West",3,4,5,7,1598,4,0,9
"1121","Nevada","MWC","West",2,6,3,9,10,10,0,9
"1122","Nevada-Las Vegas","MWC","West",4,4,6,6,6776,292,0,9
"1123","New Mexico","MWC","Mountain",2,6,3,9,5,5,0,9
"1124","New Mexico State","Ind",NA,2,5,3,8,7,7,0,9
"1125","North Carolina","ACC","Coastal",6,1,9,3,10000,388,0,9
"1126","North Carolina State","ACC","Atlantic",5,2,8,4,9993,520,0,9
"1127","North Texas","CUSA","West",4,4,6,6,7371,134,0,9
"1128","Northern Illinois","MAC","West",2,6,5,7,1410,1410,0,9
"1129","Northwestern","Big Ten","West",1,6,1,11,0,0,0,9
"1130","Notre Dame","Ind",NA,4,3,7,5,9596,514,0,9
"1131","Ohio","MAC","East",5,3,7,5,9662,658,0,9
"1132","Ohio State","Big Ten","East",7,0,11,1,10000,1840,1840,9
"1133","Oklahoma","Big 12",NA,4,3,6,6,6520,89,0,9
"1134","Oklahoma State","Big 12",NA,6,1,10,2,10000,2119,0,9
"1135","Old Dominion","Sun Belt","East",3,4,5,7,3044,50,0,9
"1136","Oregon","Pac-12",NA,6,1,10,2,10000,2157,0,9
"1137","Oregon State","Pac-12",NA,6,2,8,4,10000,772,0,9
"1138","Penn State","Big Ten","East",6,1,10,2,10000,2289,0,9
"1139","Pittsburgh","ACC","Coastal",4,3,7,5,8951,447,0,9
"1140","Purdue","Big Ten","West",5,3,8,4,9967,1048,0,9
"1141","Rice","CUSA","West",4,3,6,6,8792,100,0,9
"1142","Rutgers","Big Ten","East",4,3,5,7,2207,1,0,9
"1143","San Diego State","MWC","West",4,3,7,5,9554,826,0,9
"1144","San Jose State","MWC","West",4,2,7,4,9906,893,0,9
"1145","South Alabama","Sun Belt","West",5,2,8,4,9961,573,0,9
"1146","South Carolina","SEC","East",5,2,8,4,9906,234,0,9
"1147","South Florida","American",NA,1,6,2,10,3,3,0,9
"1148","Southern California","Pac-12",NA,6,1,9,3,10000,904,0,9
"1149","Southern Methodist","American",NA,3,4,6,6,5439,224,0,9
"1150","Southern Mississippi","Sun Belt","West",4,3,6,6,6812,38,0,9
"1151","Stanford","Pac-12",NA,3,4,4,8,979,2,0,9
"1152","Syracuse","ACC","Atlantic",6,1,9,3,10000,227,0,9
"1153","Temple","American",NA,2,5,3,9,61,0,0,9
"1154","Tennessee","SEC","East",7,0,10,2,10000,472,472,9
"1155","Texas","Big 12",NA,5,3,7,5,9620,760,0,9
"1156","Texas-El Paso","CUSA","West",4,4,6,6,7323,133,0,9
"1157","Texas-San Antonio","CUSA","West",6,2,9,3,10000,2136,0,9
"1158","Texas A&M","SEC","West",3,4,6,6,8108,1120,0,9
"1159","Texas Christian","Big 12",NA,7,0,10,2,10000,970,970,9
"1160","Texas State","Sun Belt","West",3,5,5,7,1225,89,0,9
"1161","Texas Tech","Big 12",NA,4,3,7,5,8820,138,0,9
"1162","Toledo","MAC","West",5,3,8,4,9953,1947,0,9
"1163","Troy","Sun Belt","West",6,2,9,3,10000,1220,0,9
"1164","Tulane","American",NA,7,1,9,3,10000,287,0,9
"1165","Tulsa","American",NA,3,4,5,7,4702,103,0,9
"1166","UCLA","Pac-12",NA,6,1,10,2,10000,2859,0,9
"1167","Utah","Pac-12",NA,5,2,9,3,9996,1049,0,9
"1168","Utah State","MWC","Mountain",3,5,5,7,3558,356,0,9
"1169","Vanderbilt","SEC","East",3,5,4,8,550,22,0,9
"1170","Virginia","ACC","Coastal",3,4,6,6,5207,297,0,9
"1171","Virginia Tech","ACC","Coastal",2,5,4,8,113,6,0,9
"1172","Wake Forest","ACC","Atlantic",6,1,9,3,10000,693,0,9
"1173","Washington","Pac-12",NA,6,2,8,4,10000,215,0,9
"1174","Washington State","Pac-12",NA,4,3,7,5,9242,677,0,9
"1175","West Virginia","Big 12",NA,3,4,5,7,1775,13,0,9
"1176","Western Kentucky","CUSA","East",5,3,9,4,9901,1111,0,9
"1177","Western Michigan","MAC","West",3,5,5,7,1947,249,0,9
"1178","Wisconsin","Big Ten","West",4,4,6,6,7470,663,0,9
"1179","Wyoming","MWC","Mountain",5,3,7,5,9523,612,0,9
"1180","Air Force","MWC","Mountain",5,3,8,4,9998,2633,0,10
"1181","Akron","MAC","East",1,8,1,11,0,16,0,10
"1182","Alabama","SEC","West",7,1,10,2,10000,2831,0,10
"1183","Alabama-Birmingham","CUSA","West",4,4,6,6,6606,90,0,10
"1184","Appalachian State","Sun Belt","East",5,3,7,5,9556,268,0,10
"1185","Arizona","Pac-12",NA,3,5,4,8,171,1,0,10
"1186","Arizona State","Pac-12",NA,3,5,5,7,2113,292,0,10
"1187","Arkansas","SEC","West",5,3,8,4,9934,2174,0,10
"1188","Arkansas State","Sun Belt","West",2,7,3,9,0,468,0,10
"1189","Army","Ind",NA,3,4,6,6,5735,227,0,10
"1190","Auburn","SEC","West",3,5,5,7,688,17,0,10
"1191","Ball State","MAC","West",4,4,5,7,3862,60,0,10
"1192","Baylor","Big 12",NA,5,3,7,5,9627,742,0,10
"1193","Boise State","MWC","Mountain",6,2,9,3,10000,2599,0,10
"1194","Boston College","ACC","Atlantic",2,6,3,9,2,2,0,10
"1195","Bowling Green","MAC","East",4,4,6,6,6190,140,0,10
"1196","Brigham Young","Ind",NA,4,5,6,6,5267,850,0,10
"1197","Buffalo","MAC","East",5,3,8,4,9976,1856,0,10
"1198","California","Pac-12",NA,3,5,4,8,408,21,0,10
"1199","Central Florida","American",NA,6,2,8,4,10000,1004,0,10
"1200","Central Michigan","MAC","West",2,6,4,8,233,233,0,10
"1201","Charlotte","CUSA","East",2,7,3,9,0,188,0,10
"1202","Cincinnati","American",NA,6,2,10,2,10000,6355,0,10
"1203","Clemson","ACC","Atlantic",8,0,11,1,10000,3417,3417,10
"1204","Coastal Carolina","Sun Belt","East",7,1,10,2,10000,2497,0,10
"1205","Colorado","Pac-12",NA,1,7,1,11,0,0,0,10
"1206","Colorado State","MWC","Mountain",2,6,3,9,8,8,0,10
"1207","Connecticut","Ind",NA,4,5,5,7,4482,626,0,10
"1208","Duke","ACC","Coastal",5,3,7,5,9802,650,0,10
"1209","East Carolina","American",NA,6,3,8,4,10000,755,0,10
"1210","Eastern Michigan","MAC","West",5,4,7,5,9397,1396,0,10
"1211","Florida","SEC","East",4,4,6,6,5062,138,0,10
"1212","Florida Atlantic","CUSA","East",4,5,5,7,3373,531,0,10
"1213","Florida International","CUSA","East",4,4,5,7,4390,63,0,10
"1214","Florida State","ACC","Atlantic",5,3,7,5,9801,624,0,10
"1215","Fresno State","MWC","West",4,4,7,5,9357,2313,0,10
"1216","Georgia","SEC","East",8,0,11,1,10000,4142,4142,10
"1217","Georgia Southern","Sun Belt","East",5,3,7,5,9801,823,0,10
"1218","Georgia State","Sun Belt","East",3,5,5,7,3400,645,0,10
"1219","Georgia Tech","ACC","Coastal",3,5,4,8,172,2,0,10
"1220","Hawaii","MWC","West",2,6,3,9,23,23,0,10
"1221","Houston","American",NA,5,3,8,4,9963,920,0,10
"1222","Illinois","Big Ten","West",7,1,10,2,10000,878,0,10
"1223","Indiana","Big Ten","East",3,5,4,8,115,2,0,10
"1224","Iowa","Big Ten","West",4,4,6,6,7828,421,0,10
"1225","Iowa State","Big 12",NA,3,5,5,7,861,34,0,10
"1226","James Madison","Sun Belt","East",5,2,6,5,7785,18,0,10
"1227","Kansas","Big 12",NA,5,3,6,6,7508,27,0,10
"1228","Kansas State","Big 12",NA,6,2,9,3,10000,1331,0,10
"1229","Kent State","MAC","East",3,5,5,7,2287,252,0,10
"1230","Kentucky","SEC","East",5,3,7,5,9918,1005,0,10
"1231","Liberty","Ind",NA,7,1,10,2,10000,760,0,10
"1232","Louisiana","Sun Belt","West",4,4,6,6,7797,505,0,10
"1233","Louisiana-Monroe","Sun Belt","West",2,6,3,9,42,42,0,10
"1234","Louisiana State","SEC","West",6,2,8,4,10000,558,0,10
"1235","Louisiana Tech","CUSA","West",2,6,3,9,34,34,0,10
"1236","Louisville","ACC","Atlantic",5,3,7,5,9943,220,0,10
"1237","Marshall","Sun Belt","East",4,4,6,6,5536,212,0,10
"1238","Maryland","Big Ten","East",6,2,8,4,10000,195,0,10
"1239","Massachusetts","Ind",NA,1,7,1,11,0,0,0,10
"1240","Memphis","American",NA,4,4,7,5,9246,973,0,10
"1241","Miami (FL)","ACC","Coastal",4,4,6,6,5101,31,0,10
"1242","Miami (OH)","MAC","East",4,5,6,6,6536,1784,0,10
"1243","Michigan","Big Ten","East",8,0,11,1,10000,1829,1829,10
"1244","Michigan State","Big Ten","East",3,5,5,7,1903,154,0,10
"1245","Middle Tennessee State","CUSA","East",4,4,7,5,9138,1833,0,10
"1246","Minnesota","Big Ten","West",5,3,8,4,9980,1549,0,10
"1247","Mississippi","SEC","West",8,1,10,2,10000,1362,0,10
"1248","Mississippi State","SEC","West",5,3,7,5,9991,480,0,10
"1249","Missouri","SEC","East",4,4,6,6,7454,185,0,10
"1250","Navy","American",NA,3,5,4,8,64,2,0,10
"1251","Nebraska","Big Ten","West",3,5,4,8,273,9,0,10
"1252","Nevada","MWC","West",2,7,3,9,0,149,0,10
"1253","Nevada-Las Vegas","MWC","West",4,4,6,6,6663,266,0,10
"1254","New Mexico","MWC","Mountain",2,6,3,9,3,3,0,10
"1255","New Mexico State","Ind",NA,3,5,4,7,21,21,0,10
"1256","North Carolina","ACC","Coastal",7,1,10,2,10000,1258,0,10
"1257","North Carolina State","ACC","Atlantic",6,2,8,4,10000,460,0,10
"1258","North Texas","CUSA","West",5,4,7,5,9934,2826,0,10
"1259","Northern Illinois","MAC","West",2,6,5,7,1324,1324,0,10
"1260","Northwestern","Big Ten","West",1,7,1,11,0,0,0,10
"1261","Notre Dame","Ind",NA,5,3,8,4,9990,2130,0,10
"1262","Ohio","MAC","East",5,3,7,5,9657,569,0,10
"1263","Ohio State","Big Ten","East",8,0,11,1,10000,4861,4861,10
"1264","Oklahoma","Big 12",NA,5,3,7,5,9600,874,0,10
"1265","Oklahoma State","Big 12",NA,6,2,9,3,10000,2176,0,10
"1266","Old Dominion","Sun Belt","East",3,5,5,7,1539,113,0,10
"1267","Oregon","Pac-12",NA,7,1,10,2,10000,3218,0,10
"1268","Oregon State","Pac-12",NA,6,2,8,4,10000,629,0,10
"1269","Penn State","Big Ten","East",6,2,9,3,10000,3439,0,10
"1270","Pittsburgh","ACC","Coastal",4,4,6,6,8343,1258,0,10
"1271","Purdue","Big Ten","West",5,3,8,4,9961,921,0,10
"1272","Rice","CUSA","West",4,4,5,7,3134,19,0,10
"1273","Rutgers","Big Ten","East",4,4,5,7,1522,5,0,10
"1274","San Diego State","MWC","West",4,4,7,5,9234,2392,0,10
"1275","San Jose State","MWC","West",5,2,8,3,9966,1205,0,10
"1276","South Alabama","Sun Belt","West",6,2,9,3,10000,1212,0,10
"1277","South Carolina","SEC","East",5,3,6,6,8408,76,0,10
"1278","South Florida","American",NA,1,7,2,10,0,35,0,10
"1279","Southern California","Pac-12",NA,7,1,10,2,10000,1405,0,10
"1280","Southern Methodist","American",NA,4,4,6,6,8602,1004,0,10
"1281","Southern Mississippi","Sun Belt","West",5,3,7,5,9350,204,0,10
"1282","Stanford","Pac-12",NA,3,5,4,8,849,30,0,10
"1283","Syracuse","ACC","Atlantic",6,2,8,4,10000,296,0,10
"1284","Temple","American",NA,2,6,3,9,5,5,0,10
"1285","Tennessee","SEC","East",8,0,11,1,10000,810,810,10
"1286","Texas","Big 12",NA,5,3,7,5,9408,432,0,10
"1287","Texas-El Paso","CUSA","West",4,5,5,7,2740,154,0,10
"1288","Texas-San Antonio","CUSA","West",6,2,9,3,10000,3162,0,10
"1289","Texas A&M","SEC","West",3,5,6,6,6348,1911,0,10
"1290","Texas Christian","Big 12",NA,8,0,11,1,10000,1438,1438,10
"1291","Texas State","Sun Belt","West",3,5,5,7,1503,112,0,10
"1292","Texas Tech","Big 12",NA,4,4,6,6,5930,104,0,10
"1293","Toledo","MAC","West",6,3,8,4,10000,4478,0,10
"1294","Troy","Sun Belt","West",6,2,9,3,10000,1897,0,10
"1295","Tulane","American",NA,7,1,9,3,10000,369,0,10
"1296","Tulsa","American",NA,3,5,5,7,1135,70,0,10
"1297","UCLA","Pac-12",NA,7,1,10,2,10000,2888,0,10
"1298","Utah","Pac-12",NA,6,2,9,3,10000,2065,0,10
"1299","Utah State","MWC","Mountain",3,5,5,7,3343,328,0,10
"1300","Vanderbilt","SEC","East",3,5,4,8,664,32,0,10
"1301","Virginia","ACC","Coastal",3,5,5,7,1888,252,0,10
"1302","Virginia Tech","ACC","Coastal",2,6,4,8,52,52,0,10
"1303","Wake Forest","ACC","Atlantic",6,2,8,4,10000,808,0,10
"1304","Washington","Pac-12",NA,6,2,8,4,10000,232,0,10
"1305","Washington State","Pac-12",NA,4,4,6,6,8372,1303,0,10
"1306","West Virginia","Big 12",NA,3,5,4,8,604,32,0,10
"1307","Western Kentucky","CUSA","East",5,4,7,6,8348,526,0,10
"1308","Western Michigan","MAC","West",3,5,5,7,1763,202,0,10
"1309","Wisconsin","Big Ten","West",4,4,6,6,7453,697,0,10
"1310","Wyoming","MWC","Mountain",5,3,6,5,8863,935,0,10
